ID,BA1_exvivo_left,BA2_exvivo_left,BA3a_exvivo_left,BA3b_exvivo_left,BA4a_exvivo_left,BA4p_exvivo_left,BA6_exvivo_left,BA44_exvivo_left,BA45_exvivo_left,V1_exvivo_left,V2_exvivo_left,MT_exvivo_left,perirhinal_exvivo_left,entorhinal_exvivo_left,BA1_exvivo_right,BA2_exvivo_right,BA3a_exvivo_right,BA3b_exvivo_right,BA4a_exvivo_right,BA4p_exvivo_right,BA6_exvivo_right,BA44_exvivo_right,BA45_exvivo_right,V1_exvivo_right,V2_exvivo_right,MT_exvivo_right,perirhinal_exvivo_right,entorhinal_exvivo_right
DMHDS20702,0.6,1.2,1.0,1.0,1.5,0.5,4.2,1.1,0.8,5.5,5.7,0.5,0.2,0.4,0.7,1.2,1.0,0.7,1.0,0.7,4.7,0.5,1.1,4.0,6.5,0.2,0.2,0.1
DMHDS20226,0.7,1.1,1.1,1.3,1.0,0.9,3.5,1.4,1.3,4.3,6.6,0.3,0.1,0.3,0.5,1.0,0.9,1.1,0.7,0.9,3.6,0.9,1.1,4.4,6.1,0.3,0.1,0.2
DMHDS20784,1.0,1.2,1.3,1.0,1.5,0.7,4.0,1.1,1.1,3.9,5.8,0.4,0.2,0.7,0.8,1.2,1.2,0.7,1.1,0.7,5.1,0.8,1.2,4.6,6.8,0.3,0.7,0.3
DMHDS21230,1.0,0.9,1.3,0.9,1.2,0.8,5.3,1.3,1.5,2.6,5.7,0.4,0.2,0.2,1.0,1.6,1.1,1.0,0.9,0.8,5.4,0.8,0.9,3.4,6.7,0.2,1.0,0.2
DMHDS20918,0.5,0.9,0.9,0.9,0.9,0.8,4.7,1.2,0.9,5.4,7.3,0.5,0.1,0.3,0.4,1.0,0.8,0.6,0.9,0.5,3.0,0.5,0.6,5.4,7.0,0.4,0.1,0.3
DMHDS1021,0.8,1.0,1.0,1.1,1.0,0.7,2.9,1.0,0.7,3.8,5.5,0.3,0.2,0.4,0.7,1.3,1.1,1.2,0.4,0.7,2.8,0.7,0.9,3.2,6.4,0.2,0.1,0.2
DMHDS0349,1.2,1.1,1.2,1.0,1.2,1.0,4.1,1.2,1.3,4.0,5.7,0.8,0.2,0.5,0.3,0.9,0.8,0.9,0.8,0.5,4.7,1.0,1.0,4.0,7.1,0.3,0.2,0.2
DMHDS0702,0.7,1.2,1.0,0.8,1.4,0.7,4.3,1.0,1.1,5.5,5.6,0.4,0.1,0.5,0.8,1.1,1.0,0.9,0.9,0.5,4.5,0.6,1.0,4.2,6.5,0.2,0.2,0.1
DMHDS20299,0.9,1.1,1.1,0.9,1.1,0.7,3.5,1.0,1.3,3.6,6.3,0.5,0.1,0.4,0.9,0.9,1.2,0.6,0.5,0.6,3.5,0.9,1.5,3.3,6.8,0.5,0.1,0.1
DMHDS0223,1.0,1.6,1.0,0.8,0.8,0.8,3.8,1.1,1.4,4.4,7.4,0.5,1.2,0.2,0.8,1.5,1.0,0.8,0.8,0.7,3.4,0.6,1.5,5.1,6.8,0.2,0.2,0.2
DMHDS20500,0.6,0.8,1.1,0.8,0.8,0.6,4.9,1.1,1.7,3.4,5.5,0.3,0.2,0.3,0.6,0.8,1.1,1.0,0.5,0.6,4.4,0.8,1.4,4.5,6.8,0.3,0.2,0.3
DMHDS20482,0.9,1.1,1.5,0.8,1.4,1.0,5.0,1.5,1.7,7.5,7.3,0.5,0.2,0.3,0.8,1.8,1.1,1.0,0.8,1.0,4.6,0.6,0.7,5.2,7.7,0.4,0.2,0.2
DMHDS20540,1.2,2.0,1.4,0.9,1.6,0.8,5.9,1.6,1.8,4.3,7.7,0.5,0.2,0.2,0.9,1.4,1.1,0.7,1.0,0.5,4.8,0.8,1.8,4.1,7.9,0.6,0.4,0.4
DMHDS20903,0.7,1.0,1.2,0.9,1.0,0.9,4.8,2.7,1.1,5.0,7.0,0.6,0.1,0.4,0.8,0.8,1.3,1.0,0.9,0.7,4.9,0.7,0.9,4.9,7.6,0.4,0.2,0.2
DMHDS20774,1.0,1.4,1.2,0.9,0.6,0.9,3.3,1.3,1.1,3.5,5.9,0.4,0.1,0.2,1.0,1.6,1.0,1.2,0.7,0.9,3.2,1.2,1.4,3.8,4.9,0.2,0.2,0.2
DMHDS0399,1.1,1.0,1.2,0.8,1.4,0.9,4.4,1.2,1.7,4.6,6.4,0.8,0.2,0.3,0.8,1.5,1.0,0.9,0.5,0.8,4.3,1.0,1.1,4.3,6.3,0.3,0.1,0.2
DMHDS0540,1.3,2.0,1.3,1.0,1.4,0.8,6.1,1.7,1.8,4.1,7.2,0.4,0.3,0.2,0.9,1.3,1.2,0.8,1.0,0.5,5.1,0.9,1.9,4.3,7.7,0.5,0.2,0.3
DMHDS20223,0.8,1.5,0.9,0.8,0.8,0.7,3.4,1.0,1.4,4.5,8.0,0.5,1.0,0.7,0.6,1.4,0.8,0.7,1.0,0.7,3.4,0.6,1.4,4.8,6.9,0.1,0.1,0.1
DMHDS0903,0.9,1.0,1.2,0.8,0.9,1.0,4.9,1.1,1.3,5.3,6.8,0.6,0.2,0.4,0.6,0.9,1.3,1.0,1.1,0.7,4.9,0.7,0.9,4.7,7.5,0.4,0.2,0.2
DMHDS0918,0.5,1.0,0.9,0.9,1.0,0.7,4.6,1.3,0.9,5.7,7.6,0.5,1.6,0.3,0.4,1.0,0.9,0.6,1.0,0.6,3.3,0.6,0.6,5.1,7.1,0.5,0.2,0.2
DMHDS21181,0.6,0.9,1.0,0.9,1.0,0.9,3.5,1.4,1.6,4.0,5.3,0.5,0.2,0.9,0.6,0.7,1.1,0.7,0.7,0.8,3.1,0.7,1.0,3.6,6.3,0.3,0.2,0.2
DMHDS21222,0.8,1.3,1.3,1.4,1.4,0.9,3.9,1.3,1.5,4.6,8.4,0.4,0.2,0.1,0.8,1.3,1.0,0.8,1.0,0.9,4.0,1.3,1.5,5.9,8.7,0.3,2.3,0.1
DMHDS20349,1.2,1.1,1.3,0.9,1.1,1.0,4.3,1.3,1.2,4.5,5.7,0.8,0.4,0.5,0.3,1.2,0.8,1.0,0.8,0.4,4.6,1.0,1.1,4.0,7.2,0.2,0.2,0.2
DMHDS0299,1.0,1.2,1.1,1.0,0.9,0.7,3.4,1.0,1.3,3.4,6.6,0.6,0.1,0.5,0.8,1.1,1.2,0.7,0.5,0.5,3.6,0.9,1.5,3.1,6.4,0.5,0.2,0.1
DMHDS0482,0.8,1.0,1.3,0.7,1.2,0.9,4.3,1.2,1.6,6.6,7.7,0.6,0.9,0.2,0.7,1.7,1.1,1.1,0.9,0.7,4.1,0.6,0.6,6.6,8.4,0.3,0.2,0.2
DMHDS20399,0.9,1.0,1.1,0.7,1.1,0.5,4.2,1.4,2.0,4.8,6.5,0.8,2.1,0.4,0.7,1.3,1.1,1.0,0.8,0.7,3.9,0.8,1.0,4.1,6.6,0.4,0.2,0.2
DMHDS0226,0.7,1.1,1.0,1.2,0.8,0.9,3.7,1.4,1.4,4.6,6.6,0.3,0.1,0.3,0.5,1.0,1.0,1.1,0.6,0.8,3.6,0.9,1.0,4.9,6.7,0.3,0.2,0.1
DMHDS20717,1.1,1.8,1.3,0.8,1.2,0.9,5.6,1.6,1.1,5.0,7.1,0.6,0.4,0.6,1.0,2.3,1.1,1.1,1.2,0.7,4.3,1.1,1.4,4.3,7.4,0.3,0.4,0.5
DMHDS21221,0.6,0.9,0.9,1.4,0.7,0.6,4.3,1.0,1.6,6.0,7.6,0.5,0.2,0.1,0.6,0.8,1.0,0.9,0.7,0.4,3.3,0.7,0.8,5.9,8.0,0.3,0.3,0.1
DMHDS21021,0.9,0.9,0.9,0.9,1.0,0.8,2.7,1.0,0.6,4.1,5.7,0.3,0.1,0.4,0.7,1.2,1.1,1.1,0.7,0.7,3.4,0.8,1.0,3.8,6.3,0.4,0.2,0.2
DMHDS21133,0.7,1.2,1.1,1.0,1.0,1.3,3.4,1.2,1.0,4.0,6.2,0.5,0.1,0.4,0.6,1.7,1.1,1.6,0.7,0.8,3.5,0.9,1.0,4.7,7.0,0.2,0.2,0.2
DMHDS1181,0.5,0.8,1.0,0.9,1.1,0.8,3.3,1.5,1.8,4.4,5.5,0.4,0.2,0.5,0.6,0.8,1.0,0.7,0.7,0.7,2.8,0.8,1.1,3.4,6.3,0.3,0.2,0.1
DMHDS1221,0.6,0.9,1.0,1.4,0.7,0.6,3.5,1.0,1.5,6.1,7.4,0.6,0.3,0.3,0.7,0.8,1.0,0.9,0.7,0.4,3.5,0.7,0.8,5.7,8.0,0.3,0.5,0.1
DMHDS1222,0.8,1.3,1.3,1.6,1.4,0.8,3.8,1.3,1.5,4.6,7.6,0.4,0.2,0.2,0.8,1.3,1.1,0.8,0.9,0.8,4.0,1.2,1.5,5.7,8.3,0.2,0.8,0.2
DMHDS0774,0.9,1.5,1.3,1.0,0.7,1.0,3.2,1.2,1.1,4.1,5.6,0.3,0.1,0.2,0.7,1.5,1.3,1.3,0.6,0.8,3.4,1.2,1.3,3.8,4.6,0.2,0.2,0.2
DMHDS0500,1.0,0.9,1.0,0.9,0.7,0.6,4.9,1.0,1.7,3.5,5.2,0.3,0.2,0.3,0.5,0.8,1.1,1.0,0.6,0.5,4.4,1.3,1.5,4.5,7.3,0.3,0.2,0.3
DMHDS1133,0.9,1.1,1.2,1.1,0.9,1.3,4.7,1.3,1.1,4.3,6.5,0.6,0.4,0.4,0.5,1.8,1.2,1.3,0.6,1.1,5.1,1.0,0.8,4.9,6.8,0.2,0.2,0.1
DMHDS0717,1.3,1.7,1.3,0.9,1.0,0.8,5.5,1.4,1.1,5.0,6.9,0.6,0.5,0.6,1.1,2.5,1.2,1.0,1.1,0.8,4.3,1.1,1.6,4.6,7.1,0.2,0.9,0.7
DMHDS1230,0.9,0.7,1.4,0.9,0.9,0.9,3.7,1.1,1.3,2.6,5.2,0.3,0.1,0.2,1.3,1.4,1.1,0.9,0.9,0.8,3.9,0.7,0.8,3.5,6.4,0.2,0.2,0.1
DMHDS0784,1.0,1.3,1.2,1.1,1.7,0.7,4.6,0.9,1.1,3.8,6.2,0.4,0.2,0.8,0.8,1.2,1.2,0.8,1.0,0.6,5.1,0.9,1.3,5.0,6.7,0.3,0.5,0.3
DMHDS0210,1.0,1.0,1.5,0.8,1.3,0.7,6.4,1.4,1.6,9.0,10.2,0.9,0.3,0.2,1.2,1.1,1.3,1.1,1.0,0.8,6.3,1.4,1.6,6.8,9.4,0.6,0.3,0.1
DMHDS0244,0.7,0.6,1.0,1.4,0.7,1.0,3.9,1.1,0.8,3.3,4.9,0.4,0.3,0.5,0.6,1.0,1.1,1.0,0.6,0.7,3.7,0.7,1.0,4.3,5.5,0.3,0.2,0.2
DMHDS0241,0.9,1.3,0.9,0.5,0.8,0.4,3.4,2.0,1.4,5.7,7.6,0.2,0.2,0.1,0.6,0.9,0.7,0.6,0.4,0.3,2.9,1.0,1.0,5.4,6.1,0.3,0.1,0.3
DMHDS0213,0.9,1.0,1.1,0.8,1.4,0.9,5.1,1.7,1.0,5.4,6.3,0.6,1.1,0.7,0.8,1.4,1.2,1.0,0.7,0.8,5.5,0.8,0.9,4.9,6.4,0.2,1.0,0.7
DMHDS0263,0.8,1.2,1.4,0.7,1.0,1.0,5.6,1.9,1.1,6.2,8.3,0.5,0.2,0.6,0.8,1.3,1.2,1.1,0.7,1.0,4.7,1.0,1.2,6.5,8.7,0.1,0.1,0.3
DMHDS0270,0.7,0.8,1.2,1.0,1.4,0.9,3.2,1.0,0.9,4.1,7.0,0.6,0.2,0.3,0.8,1.0,2.7,0.8,0.7,0.7,3.3,0.9,1.1,5.5,7.7,0.2,0.1,0.3
DMHDS0267,0.8,0.9,1.0,1.0,1.1,0.6,3.8,1.4,1.7,5.2,5.6,0.6,0.2,0.3,0.7,0.9,0.9,0.6,0.9,0.3,4.8,0.8,1.0,4.4,6.0,0.3,0.2,0.2
DMHDS0240,0.7,1.7,1.1,1.0,1.3,0.7,5.7,1.6,1.9,4.9,6.0,0.4,0.9,0.5,1.0,1.8,1.1,1.3,0.8,0.9,5.3,1.4,1.1,4.8,6.2,0.2,0.3,0.2
DMHDS0237,0.7,1.3,1.1,1.2,1.4,1.2,4.7,1.9,1.2,3.7,5.7,0.4,0.1,0.3,0.6,0.9,1.3,1.2,1.3,1.0,4.2,1.0,0.9,2.8,6.0,0.3,0.2,0.3
DMHDS0284,1.2,1.4,1.4,1.1,1.6,1.5,5.3,1.8,1.1,5.7,6.9,0.5,0.3,0.5,0.5,1.5,1.5,1.2,1.3,1.3,5.6,0.9,1.6,5.6,8.0,0.2,0.3,1.0
DMHDS0246,0.9,1.4,1.0,1.0,1.9,0.8,5.1,1.5,1.5,5.6,7.0,0.7,0.3,0.1,2.2,3.3,1.3,1.0,0.8,0.8,4.1,1.0,1.7,6.4,8.1,0.2,0.4,0.2
DMHDS0252,0.9,1.4,1.4,1.2,1.2,1.1,4.1,1.1,1.4,4.2,6.8,0.7,1.0,0.3,0.8,1.1,1.1,1.4,0.5,0.8,4.2,1.0,1.0,3.3,7.2,0.4,0.2,0.2
DMHDS0287,0.9,1.6,0.9,0.8,1.0,0.8,2.8,0.9,0.8,4.5,6.4,0.8,0.1,0.5,0.7,1.4,1.2,0.7,0.5,0.7,3.5,0.8,0.8,4.0,6.5,0.4,0.3,0.1
DMHDS0206,1.4,1.1,1.7,0.8,1.4,1.0,5.2,1.2,1.3,6.1,7.4,0.5,0.2,0.2,0.9,2.4,1.3,1.1,1.1,0.6,4.9,0.7,0.8,5.0,9.0,0.4,0.7,0.2
DMHDS0279,0.8,1.4,1.5,1.2,1.2,1.0,4.9,2.0,2.0,5.6,8.2,0.4,0.8,0.2,0.8,1.2,1.5,1.3,1.4,0.9,4.7,1.2,1.5,5.1,9.4,0.4,0.3,0.1
DMHDS0306,0.9,1.0,1.2,1.0,1.3,0.7,4.2,1.3,1.3,3.6,6.9,0.5,0.2,0.1,0.4,1.0,1.0,1.4,0.8,0.7,3.3,0.9,1.0,3.9,6.1,0.3,0.1,0.1
DMHDS0307,0.7,0.9,1.0,0.8,0.9,0.9,3.5,0.9,0.7,4.2,6.8,0.4,0.4,0.3,0.5,1.5,1.2,1.0,0.9,0.6,3.3,0.7,0.9,4.2,6.6,0.2,0.2,0.3
DMHDS0309,0.8,0.7,0.8,0.7,0.9,0.7,4.0,1.4,1.4,5.2,6.8,0.6,0.6,0.9,0.9,1.7,1.0,0.8,0.7,0.8,4.0,1.2,0.9,4.6,7.4,0.5,1.4,0.2
DMHDS0308,1.0,0.9,1.2,1.4,2.1,1.1,4.4,0.9,1.3,5.5,7.2,0.5,0.8,0.3,0.8,1.4,1.3,1.2,0.9,0.8,4.8,0.9,0.9,6.8,8.2,0.2,0.3,0.1
DMHDS0298,2.1,1.2,1.4,0.9,0.9,0.9,4.6,1.6,1.8,5.1,7.7,0.7,0.1,0.1,1.1,2.0,1.1,0.8,0.7,0.9,4.3,1.2,1.1,5.6,8.4,0.5,0.2,0.2
DMHDS0266,0.8,1.1,0.8,0.8,0.9,0.6,3.6,0.6,1.1,4.8,6.5,0.6,0.3,0.1,0.7,0.9,1.0,0.8,0.8,0.6,3.0,0.6,0.9,4.1,6.3,0.4,0.2,0.1
DMHDS0317,1.3,1.2,0.8,1.1,0.9,1.0,3.8,1.0,1.0,5.2,7.2,0.4,0.2,0.4,0.6,0.7,1.0,0.7,0.6,0.8,5.4,0.7,1.3,6.8,7.6,0.2,0.1,0.5
DMHDS0205,0.8,1.1,0.9,1.2,1.3,0.8,3.9,1.2,1.6,4.0,5.0,0.3,1.0,0.8,0.8,1.2,0.8,0.7,0.7,0.7,4.0,1.0,1.2,4.3,5.7,0.5,0.2,0.4
DMHDS0215,0.8,0.7,1.0,0.9,0.9,0.6,2.7,0.9,1.2,3.0,5.2,0.6,0.1,0.1,0.7,0.8,0.9,0.7,0.8,0.5,3.9,0.9,1.1,2.2,4.6,0.4,0.1,0.1
DMHDS0259,0.9,0.9,1.0,0.7,1.2,0.7,4.0,1.6,1.7,4.6,8.1,0.8,0.2,0.5,1.0,1.2,1.0,1.0,0.7,0.6,4.0,0.9,1.4,5.7,8.0,0.4,0.2,0.2
DMHDS0291,0.9,1.8,1.2,0.9,0.8,0.6,4.1,0.9,1.0,4.1,7.2,0.4,0.1,0.1,0.7,1.3,1.1,1.0,1.0,0.8,3.9,0.7,0.9,3.8,6.2,0.4,0.3,0.1
DMHDS0326,0.8,1.3,1.2,1.0,1.2,1.0,3.5,1.2,1.1,4.3,6.5,0.6,0.1,0.5,0.3,0.8,1.0,0.7,0.7,0.3,4.1,0.7,1.0,6.2,8.0,0.4,0.2,0.1
DMHDS0321,1.3,2.0,1.8,1.4,2.3,1.3,7.8,1.5,1.4,8.4,7.7,0.7,1.1,0.7,1.3,2.8,1.5,1.7,2.8,2.4,9.8,0.9,1.4,8.8,10.4,0.3,0.2,0.5
DMHDS0325,1.0,1.2,0.9,1.3,1.1,0.8,4.3,1.0,1.4,5.1,6.7,0.3,1.2,0.1,0.5,0.8,1.0,0.9,0.7,0.7,4.4,1.1,1.2,5.6,9.4,0.5,0.2,0.1
DMHDS0328,0.8,1.5,1.4,1.4,1.8,1.0,6.0,1.7,1.5,7.9,9.1,0.4,1.0,0.4,0.9,1.9,1.2,1.4,1.3,0.9,6.3,1.0,1.5,6.6,9.0,0.3,0.2,0.2
DMHDS0329,1.0,1.4,1.2,1.0,1.4,1.1,5.4,1.6,2.0,5.6,7.4,0.7,0.2,0.2,1.1,2.0,1.2,1.1,0.8,0.9,5.8,1.1,1.0,6.3,9.1,0.6,0.9,0.8
DMHDS0330,1.0,1.1,1.0,1.1,1.1,1.1,4.5,1.1,1.1,4.9,6.9,0.5,0.2,0.2,0.8,1.1,1.1,1.2,0.5,0.5,4.1,0.7,0.9,6.3,7.0,0.3,0.3,0.2
DMHDS0268,1.0,0.9,0.9,1.0,0.8,0.6,4.5,1.3,1.3,3.6,5.4,0.2,0.1,0.3,0.9,1.6,1.0,0.9,1.3,0.6,5.1,0.7,1.0,3.5,5.5,0.4,0.2,0.2
DMHDS0332,1.1,1.3,1.4,1.1,1.8,0.9,6.4,1.6,1.3,4.5,6.3,0.5,0.4,0.2,0.8,1.4,1.3,1.2,1.7,0.8,7.8,1.1,1.9,6.4,6.8,0.5,0.6,0.2
DMHDS0331,0.9,1.7,1.0,0.9,1.1,0.8,3.9,1.3,1.1,6.0,7.6,0.4,0.2,0.7,0.3,0.7,0.9,0.9,0.9,0.6,6.5,1.1,1.0,6.2,8.3,0.4,0.2,0.2
DMHDS0265,0.7,0.5,0.7,0.8,0.8,0.5,3.3,1.1,1.0,6.3,6.0,0.5,0.2,0.3,0.6,0.8,1.1,0.7,0.4,0.6,3.7,0.7,1.1,6.7,7.2,0.2,0.3,0.3
DMHDS0235,0.7,0.9,0.9,1.0,0.8,0.5,3.2,0.9,1.1,4.0,6.8,0.5,0.5,0.4,0.6,1.1,1.0,1.2,0.7,0.6,3.4,0.7,1.3,4.0,6.0,0.3,1.9,0.3
DMHDS0264,0.8,0.9,1.2,0.8,1.8,0.7,4.4,0.9,1.3,6.3,8.5,0.4,0.2,0.6,0.5,1.1,1.2,1.3,0.8,0.9,3.8,0.6,0.9,7.2,7.2,0.4,0.1,0.2
DMHDS0323,0.7,1.0,0.7,0.7,0.8,0.6,5.2,1.0,0.7,3.2,4.9,0.5,0.5,0.3,0.5,0.8,0.9,0.6,0.3,0.5,3.1,0.6,0.6,3.0,4.5,0.1,1.0,0.1
DMHDS0333,0.8,0.9,0.7,0.6,0.9,0.5,4.1,1.4,1.5,4.4,7.3,0.8,0.2,0.7,0.8,1.3,1.0,0.8,1.0,0.6,5.1,0.8,1.2,5.5,6.4,0.3,0.4,0.3
DMHDS0343,1.1,0.9,1.0,1.0,1.1,0.6,4.9,1.5,1.2,3.0,6.2,0.5,0.3,0.5,0.8,1.4,1.2,1.2,0.7,0.8,4.5,0.7,1.6,3.7,6.4,0.5,0.3,0.2
DMHDS0269,0.9,1.0,0.7,1.0,0.8,0.6,5.7,1.1,1.3,3.3,5.0,0.7,0.2,0.4,0.5,1.0,1.0,1.0,0.5,0.5,5.0,1.0,1.1,4.3,5.8,0.3,0.1,0.3
DMHDS0348,0.9,1.1,0.9,0.9,1.2,0.6,3.3,1.2,1.3,5.6,6.2,0.4,0.3,0.4,0.6,1.3,0.9,1.2,0.7,0.8,3.5,0.8,0.8,6.0,7.2,0.4,0.2,0.3
DMHDS0341,1.0,1.7,1.1,1.0,1.0,0.9,4.4,0.8,1.4,6.5,8.0,0.5,0.1,0.1,0.5,0.9,0.9,0.6,0.6,0.6,4.1,1.4,1.5,6.3,8.4,0.3,0.2,0.2
DMHDS0208,1.1,1.1,1.1,0.9,1.2,0.5,4.9,1.1,1.4,4.1,6.3,0.4,0.1,0.1,0.6,1.3,1.1,0.7,0.8,0.6,4.0,0.9,1.2,4.6,6.8,0.3,0.1,0.1
DMHDS0312,0.7,1.1,0.9,0.9,1.5,0.7,4.1,1.3,0.8,4.1,4.7,0.3,0.1,0.2,0.6,0.9,1.1,0.9,1.0,1.5,4.1,0.6,1.0,3.4,5.6,0.4,0.2,0.1
DMHDS0233,1.3,0.9,1.4,1.3,1.4,1.0,4.3,0.9,1.4,4.4,6.8,0.4,0.2,0.2,0.5,0.9,1.2,1.1,1.1,0.6,3.9,0.8,0.9,3.8,7.4,0.1,0.5,0.1
DMHDS0254,0.9,1.0,1.4,0.9,0.9,1.0,4.1,1.1,1.1,4.8,6.7,0.5,0.1,0.4,0.7,1.2,1.0,1.1,0.7,0.9,3.2,0.7,1.1,3.7,6.2,0.3,0.2,0.3
DMHDS0318,0.5,1.2,0.9,0.8,0.7,0.9,3.9,1.0,1.3,4.2,5.3,0.5,0.3,0.2,0.6,0.8,0.9,0.9,0.9,0.5,3.2,1.0,0.8,3.9,5.4,0.2,0.1,0.1
DMHDS0288,1.0,0.6,0.9,0.5,1.1,0.6,5.0,1.5,1.2,4.9,6.3,0.6,1.9,0.2,0.7,0.9,0.9,0.8,0.6,0.5,3.7,0.8,1.1,3.7,6.2,0.4,0.1,0.6
DMHDS0248,0.8,1.0,0.9,0.7,1.1,0.8,4.0,1.2,1.5,5.0,6.7,0.5,0.2,0.3,0.8,1.1,1.0,0.9,0.7,0.9,4.1,0.9,1.3,4.2,6.1,0.4,0.2,0.2
DMHDS0338,0.5,0.8,1.1,0.9,1.2,0.7,4.2,1.5,1.1,4.5,6.3,0.6,0.7,0.3,0.7,0.6,1.2,0.8,0.9,0.7,5.0,0.7,0.7,3.8,6.2,0.4,0.5,0.2
DMHDS0339,0.8,1.3,1.4,1.1,1.1,1.0,4.6,1.5,1.0,3.8,5.6,0.5,0.3,1.6,0.6,1.2,1.1,1.0,1.1,0.9,6.0,0.9,1.1,4.3,6.8,0.3,0.5,0.2
DMHDS0251,0.8,1.0,1.1,1.3,1.6,1.0,4.1,1.3,1.2,4.2,6.7,0.5,0.2,0.4,0.6,1.5,1.2,1.5,0.9,0.9,4.8,1.1,1.4,3.7,6.7,0.2,0.4,0.2
DMHDS0345,0.6,0.6,0.5,0.6,1.6,0.8,5.6,1.5,1.4,4.0,5.8,0.5,0.2,0.3,0.7,1.1,1.1,1.0,1.3,1.0,3.2,1.0,1.1,4.4,6.3,0.6,0.2,0.1
DMHDS0375,0.7,0.7,1.0,1.0,1.1,0.7,4.2,1.0,1.3,4.8,5.3,0.3,0.2,0.3,0.5,0.8,1.1,1.1,0.8,0.7,4.5,1.0,1.0,4.3,6.2,0.3,0.2,0.2
DMHDS0249,1.0,1.8,1.2,1.2,1.5,0.7,3.6,1.4,1.6,6.3,9.1,0.6,1.4,0.5,0.7,1.3,1.2,0.9,0.7,0.7,4.7,0.8,0.9,5.1,7.3,0.4,0.3,0.3
DMHDS0365,1.0,1.9,1.1,1.4,1.0,0.9,4.3,1.2,1.9,6.0,7.4,0.6,0.3,0.7,0.8,1.1,1.0,1.1,0.9,0.9,5.1,0.9,1.3,5.1,8.4,0.3,0.7,0.6
DMHDS0335,1.2,1.1,1.1,0.6,0.9,0.5,5.0,0.8,0.8,4.3,5.2,0.5,0.1,0.7,0.7,0.9,0.8,0.6,0.8,0.3,4.3,0.5,0.9,4.1,6.2,0.4,0.1,0.4
DMHDS0305,0.7,0.8,0.8,0.8,0.9,0.4,3.1,1.1,0.9,4.1,5.8,0.4,0.2,0.1,0.6,1.2,1.2,1.0,0.6,0.5,3.0,1.0,1.0,4.7,5.7,0.3,0.2,0.2
DMHDS0376,1.0,1.2,1.1,0.9,1.2,0.9,4.4,0.7,1.2,3.4,5.7,0.5,0.3,0.5,0.7,1.0,1.2,0.9,0.7,0.8,3.8,0.6,0.9,5.1,6.3,0.3,0.2,0.2
DMHDS0385,0.6,1.1,1.1,0.7,1.5,1.2,5.2,1.1,1.2,4.4,6.9,0.7,0.9,0.9,0.6,1.0,1.3,1.0,1.7,1.3,6.5,0.8,1.1,4.2,7.7,0.4,0.2,0.4
DMHDS0381,1.3,1.7,1.2,1.6,1.2,0.8,5.0,1.5,1.0,5.4,6.4,0.8,0.1,0.4,1.0,1.5,1.2,1.4,0.9,0.7,4.8,0.8,1.0,5.0,7.2,0.3,0.2,0.2
DMHDS0245,0.7,1.1,1.1,0.9,0.8,0.7,5.4,1.4,1.4,4.5,6.4,0.4,0.4,0.4,0.5,1.2,1.1,0.9,0.6,0.5,4.1,0.6,1.5,5.0,8.3,0.6,0.9,0.1
DMHDS0255,0.8,0.9,1.1,0.7,1.0,0.8,4.0,1.3,1.7,4.4,6.2,0.4,0.2,0.1,0.7,0.9,1.1,0.8,0.8,0.6,3.6,1.0,1.1,3.0,5.8,0.4,0.5,0.1
DMHDS0314,0.9,1.1,1.1,1.0,1.4,0.9,5.5,2.1,1.2,5.3,7.7,0.8,0.2,0.3,0.7,1.8,1.3,0.9,1.0,1.2,5.4,1.2,1.5,6.0,8.0,0.6,0.2,0.3
DMHDS0373,0.8,1.1,1.0,1.0,0.9,0.7,4.3,1.2,1.0,3.9,6.5,0.6,0.1,0.4,0.6,1.0,1.1,1.0,0.9,0.5,4.0,1.2,1.1,5.3,6.2,0.2,0.2,0.2
DMHDS0214,1.2,1.9,1.0,0.8,1.6,1.0,5.6,1.6,1.6,3.8,6.3,0.6,0.3,0.9,1.0,1.8,1.2,1.0,0.8,0.8,4.4,1.1,1.7,3.9,7.0,0.5,0.2,0.2
DMHDS0336,1.2,1.3,1.0,1.1,1.2,0.9,5.1,1.4,1.5,4.5,7.4,0.6,0.1,0.4,0.9,1.0,1.3,1.0,0.9,1.1,5.0,1.0,0.9,3.9,6.4,0.3,0.5,0.2
DMHDS0257,0.6,0.8,0.9,0.7,0.6,0.4,3.9,0.9,0.9,3.7,6.6,0.5,0.1,0.2,0.4,0.7,0.5,0.6,0.5,0.2,2.7,0.6,1.5,3.7,6.3,0.2,0.2,0.1
DMHDS0253,0.9,1.1,1.1,1.1,1.0,0.8,3.3,1.1,1.5,5.7,6.9,0.5,0.2,0.2,0.6,0.9,0.9,1.2,0.7,0.8,3.5,0.6,0.8,5.2,6.7,0.2,0.3,0.2
DMHDS0390,0.9,1.4,1.1,1.1,0.7,0.7,3.3,1.3,0.8,5.7,7.2,0.6,0.3,0.8,0.7,1.1,1.2,1.1,1.5,0.5,2.9,0.6,0.8,5.8,6.4,0.2,0.6,0.5
DMHDS0405,1.2,1.4,0.9,1.2,1.1,0.5,3.3,1.2,1.4,3.1,5.8,0.7,0.4,0.6,0.7,1.4,0.9,1.0,0.9,0.7,3.5,1.1,1.2,3.4,6.9,0.3,0.2,0.3
DMHDS0361,0.6,0.9,0.9,1.0,0.9,0.8,3.1,1.4,1.1,4.1,6.7,0.4,0.1,0.5,0.5,1.2,0.9,1.0,1.0,0.8,4.2,0.8,1.3,5.1,7.2,0.3,0.1,0.3
DMHDS0234,0.8,1.2,1.0,1.0,1.0,0.7,3.3,1.2,1.0,5.4,6.9,0.7,0.1,0.3,0.6,1.2,1.1,1.1,0.6,0.7,3.6,0.9,1.0,4.9,8.0,0.4,0.2,0.3
DMHDS0232,1.0,1.1,1.3,0.7,1.4,0.8,3.8,1.5,1.9,4.8,7.1,0.5,0.2,0.2,0.6,1.3,1.3,1.5,0.8,0.9,4.9,1.0,2.0,5.6,8.2,0.4,0.3,0.2
DMHDS0231,0.9,1.3,1.1,0.8,1.0,0.8,4.2,1.3,1.5,5.0,6.5,0.4,0.9,0.6,0.5,1.1,1.2,0.8,0.8,0.9,3.5,0.9,1.1,4.3,6.7,0.3,1.2,0.7
DMHDS0400,1.0,0.8,1.1,0.7,1.3,0.7,5.4,1.2,1.1,6.8,7.8,0.5,0.1,0.5,0.6,0.7,1.0,0.8,0.6,0.6,3.8,0.8,1.4,5.6,8.8,0.5,0.3,0.3
DMHDS0395,1.0,1.0,0.8,0.8,0.8,0.4,3.1,1.0,1.5,4.3,6.6,0.4,0.1,0.2,0.6,1.0,0.8,0.7,0.6,0.3,3.0,0.9,1.0,4.2,6.5,0.2,0.2,0.2
DMHDS0362,1.0,0.9,0.8,1.0,1.5,0.8,4.2,1.5,1.2,3.7,6.4,0.6,0.3,0.5,0.7,1.0,1.1,1.0,1.0,0.7,3.9,1.2,1.2,4.1,6.9,0.3,0.8,0.2
DMHDS0363,1.1,1.4,1.2,0.6,1.3,0.8,4.6,0.9,1.2,3.0,6.2,0.5,0.1,0.4,0.8,1.3,1.1,0.7,0.8,0.7,4.7,1.2,1.2,3.1,5.4,0.3,0.4,0.3
DMHDS0417,1.0,1.4,1.3,1.2,1.0,1.0,5.9,1.4,1.0,3.2,5.5,0.4,0.2,0.4,0.6,1.3,1.1,1.0,0.6,0.8,5.4,1.1,0.8,3.0,5.6,0.3,0.3,0.3
DMHDS0410,1.0,1.0,1.1,1.0,1.5,1.0,5.1,1.1,1.5,4.8,6.3,0.5,0.9,0.4,0.6,1.5,1.1,1.2,0.9,0.8,3.5,0.9,1.7,4.0,6.7,0.4,0.5,0.5
DMHDS0393,0.8,1.0,1.0,0.8,1.8,1.0,4.5,1.8,1.5,5.5,7.4,0.6,0.2,0.4,0.6,0.8,0.8,0.6,0.8,0.8,3.8,1.0,1.6,6.4,8.5,0.6,0.2,0.1
DMHDS0364,1.0,0.9,0.9,0.7,1.2,0.9,3.5,1.0,1.2,6.3,8.7,0.7,0.4,0.5,0.6,0.9,1.3,0.8,0.7,0.6,4.2,0.7,1.0,6.2,7.9,0.2,0.2,0.2
DMHDS0397,0.7,1.1,1.3,1.1,1.6,0.9,5.2,1.6,1.5,4.1,6.9,0.5,0.7,0.7,0.6,0.7,1.4,1.2,0.7,0.7,4.4,1.5,0.9,4.2,6.7,0.2,1.2,0.3
DMHDS0431,1.0,1.5,1.1,1.3,1.3,1.4,4.1,1.2,1.2,4.2,5.9,0.6,0.2,0.1,0.7,1.5,0.9,0.9,1.0,1.0,4.2,0.7,1.2,4.7,7.3,0.4,0.2,0.2
DMHDS0344,1.2,1.6,1.0,1.2,1.2,0.6,4.4,1.2,1.2,4.5,6.4,0.6,0.1,0.3,0.8,1.2,1.0,1.0,1.2,0.6,5.3,0.7,0.9,4.5,6.1,0.2,0.1,0.1
DMHDS0418,0.9,0.7,1.0,0.8,1.4,0.9,5.3,2.1,1.2,3.4,6.2,0.4,0.1,0.2,0.5,1.1,1.2,0.9,0.9,0.9,4.9,1.2,1.0,4.0,7.2,0.4,0.4,0.2
DMHDS0389,1.0,0.7,1.0,0.8,1.1,0.9,2.9,1.1,1.3,3.9,6.9,0.4,4.1,1.3,0.6,0.6,1.0,0.6,0.8,0.5,3.2,1.0,0.8,4.6,6.7,0.4,1.8,0.2
DMHDS0435,1.0,1.1,0.8,1.4,1.2,1.0,4.1,2.0,1.4,5.3,6.1,0.4,0.4,0.1,1.0,1.1,1.2,1.4,0.7,0.8,3.7,0.8,1.1,4.1,7.8,0.5,1.3,0.2
DMHDS0413,0.6,1.4,1.1,1.1,1.3,1.0,3.8,1.8,1.6,4.9,6.7,0.4,0.2,0.2,0.5,0.7,0.9,1.3,0.7,0.8,2.9,0.8,1.3,5.6,7.4,0.3,0.2,0.2
DMHDS0352,1.0,0.9,1.0,0.7,0.9,0.7,3.1,1.6,1.0,5.1,6.9,0.5,0.2,0.7,0.6,0.9,0.8,0.5,0.6,0.4,3.1,0.9,0.8,5.8,6.3,0.3,0.3,0.2
DMHDS0230,0.6,0.7,1.2,0.9,0.9,0.6,4.6,2.5,2.4,4.4,6.8,0.6,0.2,0.5,0.7,1.5,1.2,0.7,1.1,1.0,5.0,1.0,1.2,5.5,7.5,0.2,0.3,0.2
DMHDS0446,0.9,1.2,1.1,0.9,1.6,1.1,5.4,1.3,1.4,6.2,6.7,0.4,0.2,0.4,0.9,2.1,1.5,1.0,1.8,1.1,6.1,0.9,1.0,6.7,8.3,0.5,0.4,0.3
DMHDS0448,0.8,1.3,1.2,1.4,1.1,0.6,5.3,1.9,0.9,6.1,8.3,0.4,1.1,0.7,0.8,1.7,1.2,1.8,0.8,0.6,4.9,0.8,1.1,5.0,7.8,0.4,0.5,0.5
DMHDS0396,0.7,0.6,0.9,0.9,0.6,1.0,3.2,0.9,1.3,4.9,5.6,0.6,0.7,0.6,0.5,1.2,1.0,1.2,0.6,0.7,3.4,0.7,1.0,3.5,5.3,0.2,0.2,0.2
DMHDS0368,0.2,0.8,0.4,0.5,0.4,0.4,2.6,1.3,1.2,4.6,5.7,0.5,0.2,0.7,0.3,0.7,0.6,0.6,0.4,0.3,2.8,0.8,0.9,4.3,6.2,0.2,0.3,0.4
DMHDS0458,0.6,0.9,1.3,0.9,1.3,1.2,4.4,1.6,1.3,4.8,5.7,0.5,0.2,0.7,0.6,1.1,1.3,1.1,1.4,1.0,4.3,1.0,0.9,3.8,6.2,0.1,0.3,0.4
DMHDS0398,0.7,0.9,1.0,1.1,0.7,0.7,4.5,1.2,1.1,4.2,5.6,0.6,0.1,0.5,0.4,0.8,1.1,0.9,0.5,0.6,4.0,0.8,0.7,4.8,6.3,0.3,0.1,0.2
DMHDS0379,1.2,0.9,1.2,1.1,1.4,1.3,4.8,1.2,0.8,3.6,4.8,0.4,0.9,0.6,0.7,1.8,1.1,1.1,0.9,1.1,5.0,0.5,1.1,4.4,6.7,0.4,1.0,0.4
DMHDS0462,0.8,1.8,1.1,1.3,1.5,0.9,6.3,1.2,1.3,6.1,6.7,0.5,0.1,0.4,0.6,1.2,1.0,1.1,0.7,0.7,4.0,0.7,1.1,6.8,7.6,0.2,0.2,0.2
DMHDS0369,1.0,1.4,0.9,0.7,1.1,0.8,4.4,2.6,1.6,4.3,6.7,0.6,0.2,0.8,0.7,1.5,1.8,0.8,0.8,0.7,4.8,0.9,1.0,4.0,7.3,0.3,0.3,0.3
DMHDS0386,1.1,1.2,1.1,0.7,0.5,0.9,2.9,1.2,1.0,5.5,6.4,0.2,0.1,0.1,0.1,0.6,0.4,0.6,0.5,0.2,3.1,1.1,1.2,5.5,7.9,0.2,0.9,0.4
DMHDS0464,1.0,1.1,1.1,0.9,0.7,1.0,4.0,1.5,1.0,4.4,6.9,0.6,0.3,0.4,1.2,1.8,1.4,1.0,0.6,0.8,4.1,1.1,1.2,4.9,7.6,0.1,0.2,0.3
DMHDS0415,0.9,0.8,0.9,0.8,1.3,0.7,4.2,2.1,1.2,4.1,5.8,0.4,0.3,0.5,0.9,1.3,0.9,0.8,0.9,0.5,4.1,0.7,1.1,4.3,6.1,0.3,0.1,0.3
DMHDS0387,1.3,0.7,1.0,0.7,1.3,0.7,3.6,1.2,1.0,4.6,7.2,0.5,0.4,0.1,0.8,1.1,1.0,0.5,0.7,0.7,4.2,0.7,1.0,3.7,7.6,0.3,0.1,0.1
DMHDS0247,1.1,1.0,0.9,1.1,1.4,0.8,3.8,1.6,1.5,3.6,6.2,0.4,0.1,0.3,0.7,1.2,0.9,0.9,0.9,0.4,3.9,0.6,1.0,4.4,6.3,0.2,0.2,0.2
DMHDS0461,0.8,1.0,1.0,0.9,0.9,0.9,5.3,0.8,0.6,6.0,6.2,0.6,0.3,0.4,0.8,0.9,1.0,0.5,3.3,0.7,4.1,1.0,0.9,5.3,7.3,0.3,0.2,0.2
DMHDS0250,0.5,0.8,1.0,0.8,1.1,0.8,2.4,1.4,0.9,3.5,5.1,0.4,0.2,0.2,0.4,1.3,0.9,0.8,0.6,0.3,2.7,1.0,1.0,3.8,6.4,0.3,0.3,0.3
DMHDS0477,0.9,1.1,1.7,0.7,1.4,0.9,5.1,1.1,1.4,3.4,7.3,0.5,0.3,0.7,0.4,1.0,1.0,0.7,1.2,0.8,6.1,1.1,1.5,4.7,7.0,0.4,0.5,0.3
DMHDS0471,0.7,0.9,1.0,0.9,1.2,0.6,4.9,1.7,1.4,4.5,5.4,0.6,0.2,0.4,1.2,1.2,1.2,1.1,1.1,0.5,3.9,0.8,1.3,3.4,6.3,0.3,0.8,0.3
DMHDS0486,0.8,1.3,1.0,1.1,1.7,0.8,5.6,1.0,1.5,4.3,7.4,0.5,0.2,0.1,0.7,0.8,1.1,0.8,1.1,0.5,4.3,0.7,0.9,4.9,6.5,0.3,0.6,0.1
DMHDS0224,0.7,1.0,1.1,0.7,1.1,0.9,3.8,1.2,1.9,5.7,7.2,0.4,1.8,0.5,0.6,1.3,1.2,1.0,1.0,0.5,3.5,1.0,1.2,5.5,7.4,0.3,1.1,0.5
DMHDS0490,0.3,1.2,0.6,0.9,0.8,0.5,4.4,1.6,1.5,5.8,7.0,0.5,1.9,0.2,0.5,1.2,1.1,1.1,0.8,0.4,4.9,1.2,1.3,3.4,6.8,0.3,0.9,0.2
DMHDS0470,0.7,0.8,0.9,1.2,1.0,0.6,3.8,1.4,1.3,5.1,6.1,0.7,1.4,0.2,0.7,1.0,1.2,1.2,1.3,0.5,4.1,0.7,1.0,6.2,8.8,0.2,0.2,0.2
DMHDS0416,1.0,1.2,1.0,1.1,1.5,0.9,4.8,0.9,1.0,7.7,10.0,0.6,0.1,0.4,0.7,1.4,0.9,1.0,0.6,1.0,4.1,0.8,1.1,7.4,9.3,0.3,0.2,0.2
DMHDS0494,1.0,1.0,1.1,1.1,1.6,0.9,5.7,1.5,1.4,4.4,8.9,0.8,0.2,0.3,0.8,1.3,1.3,0.7,1.1,0.8,6.4,1.2,1.3,4.8,9.1,0.3,0.3,0.2
DMHDS0496,0.6,0.9,0.7,0.9,1.1,1.0,4.3,1.5,1.3,4.1,6.7,0.6,0.2,0.6,0.6,2.0,0.8,1.2,0.6,0.6,3.9,0.8,0.9,4.2,5.9,0.3,0.2,0.6
DMHDS0473,1.1,1.2,0.9,0.9,0.8,0.7,4.2,1.1,2.2,4.3,7.1,0.5,0.1,0.2,0.7,1.5,1.2,1.2,0.6,0.6,5.1,1.1,1.0,4.1,6.2,0.6,0.8,0.1
DMHDS0499,1.3,1.6,1.3,1.2,2.0,1.0,7.1,1.4,0.9,5.2,7.8,0.3,0.3,1.5,1.0,2.1,1.2,1.3,1.0,0.8,7.5,0.7,0.9,5.6,7.4,0.3,0.3,0.2
DMHDS0236,1.1,1.9,0.9,1.1,1.0,0.9,4.0,1.0,1.2,4.0,6.0,0.4,0.2,0.2,0.4,0.8,0.7,0.9,0.7,0.4,4.3,0.9,1.8,3.9,6.4,0.6,0.4,0.1
DMHDS0505,0.8,1.2,1.1,0.7,1.3,1.0,3.9,1.3,1.2,6.7,7.4,0.6,0.1,0.3,1.0,1.3,1.3,0.9,1.0,0.6,4.3,1.2,1.4,6.6,8.2,0.2,0.3,0.3
DMHDS0493,0.6,0.9,0.8,0.8,0.7,0.7,3.3,1.0,1.4,5.1,6.9,0.4,0.7,0.3,0.4,0.8,0.9,0.6,0.6,0.7,3.2,0.5,0.9,4.8,6.9,0.2,0.2,0.3
DMHDS0501,1.7,3.0,2.1,2.2,3.4,1.3,9.1,3.9,2.3,7.8,7.4,0.5,0.8,1.1,1.6,3.5,1.6,1.7,1.4,1.2,8.2,2.0,1.1,7.2,8.9,0.5,0.5,0.3
DMHDS0256,0.8,1.3,1.3,1.2,0.9,0.9,4.4,1.5,1.5,4.5,6.3,0.2,0.5,0.3,0.7,1.2,1.1,1.1,0.9,0.7,4.3,0.9,1.2,4.3,6.4,0.5,0.2,0.2
DMHDS0466,1.0,1.0,0.9,1.4,0.7,0.9,4.2,1.6,1.5,4.9,7.0,0.7,0.1,0.3,0.8,1.1,1.0,0.9,0.6,0.6,4.2,0.7,1.6,5.8,8.4,0.3,0.2,0.2
DMHDS0371,1.3,1.5,1.2,0.7,1.0,0.7,5.2,1.6,1.4,4.6,7.9,0.8,0.6,0.3,1.0,1.3,1.2,1.1,1.2,0.7,4.9,1.0,1.7,4.8,7.2,0.4,0.6,0.2
DMHDS0506,0.6,0.8,0.8,0.7,0.7,0.5,3.7,1.5,1.5,4.7,6.7,0.5,0.2,0.6,0.7,1.0,0.8,0.6,0.6,0.4,3.3,0.6,0.9,5.9,8.1,0.4,0.2,0.1
DMHDS0509,1.1,1.7,1.2,0.8,1.8,1.0,4.2,1.4,1.2,4.4,5.3,0.5,0.1,0.2,0.7,1.0,1.0,0.7,0.7,0.6,3.5,0.5,1.0,4.5,6.7,0.4,0.3,0.3
DMHDS0460,0.6,0.7,1.0,1.1,0.9,0.8,4.4,1.1,1.0,3.6,6.1,0.4,0.2,0.5,0.5,1.2,0.9,0.8,0.8,0.6,3.9,0.8,0.9,3.9,5.2,0.2,0.2,0.3
DMHDS0521,0.9,0.8,1.4,1.3,1.3,1.3,4.0,3.1,1.9,4.0,6.3,0.4,1.3,0.9,0.8,0.9,1.2,0.9,0.8,0.7,5.3,0.7,1.2,4.0,7.7,0.2,0.8,0.5
DMHDS0347,0.8,1.0,0.8,1.3,1.0,0.6,3.7,1.3,1.0,4.2,6.8,0.6,0.2,0.5,0.6,1.0,1.0,0.9,1.0,0.5,3.7,0.7,0.9,4.9,7.7,0.3,0.2,0.4
DMHDS0451,0.8,0.7,1.3,0.9,1.1,0.8,5.8,2.2,1.6,4.2,6.8,0.3,0.3,0.7,0.7,0.9,1.2,1.0,1.0,0.9,6.0,0.8,1.1,5.7,8.1,0.4,0.9,0.1
DMHDS0439,1.2,1.5,1.0,1.2,1.1,1.1,6.7,1.0,1.4,6.0,8.0,0.4,0.1,0.4,1.0,1.1,1.2,0.9,1.2,1.0,5.1,1.4,1.8,6.0,8.0,0.4,0.2,0.2
DMHDS0530,0.6,0.8,1.0,1.1,1.1,1.0,4.4,1.0,0.8,4.4,6.5,0.4,0.1,0.9,0.8,1.2,1.1,1.3,0.8,1.0,4.2,0.7,1.2,4.9,6.5,0.5,0.2,0.2
DMHDS0513,0.6,0.9,1.0,1.0,1.0,0.6,4.7,1.0,1.0,4.1,6.4,0.5,0.2,0.1,0.5,1.6,1.0,0.8,0.8,0.5,4.0,0.7,1.1,4.8,6.6,0.7,0.1,0.2
DMHDS0489,0.6,1.0,0.7,0.8,0.7,0.7,3.7,1.0,0.9,3.4,5.3,0.4,0.1,0.3,0.5,1.4,0.7,0.9,0.7,0.7,3.4,0.7,0.7,4.0,5.9,0.3,0.4,0.3
DMHDS0426,0.9,0.9,0.8,0.7,0.5,0.5,2.7,0.8,1.1,4.8,6.7,0.5,0.1,0.2,0.1,1.2,0.6,0.4,0.5,0.4,3.0,1.0,1.3,4.6,7.4,0.2,0.2,0.1
DMHDS0538,1.2,1.5,1.3,0.9,1.6,0.9,5.6,1.1,1.8,5.5,7.6,1.0,0.2,0.4,0.4,0.9,0.8,0.5,0.7,0.3,4.0,1.8,2.3,6.4,9.0,0.5,0.4,0.6
DMHDS0523,1.0,1.2,1.2,0.6,0.9,0.8,3.7,1.9,1.6,5.9,8.6,0.4,0.2,0.6,0.8,1.0,0.8,0.6,0.5,0.3,4.2,1.0,0.9,5.1,8.0,0.4,0.2,0.3
DMHDS0372,1.2,1.4,1.0,0.9,1.1,0.7,4.0,1.2,2.4,5.4,7.1,0.6,0.2,0.5,1.1,1.3,1.1,1.0,0.9,0.5,4.2,0.8,1.0,4.7,7.8,0.4,0.3,0.3
DMHDS0546,1.0,1.5,1.1,1.4,1.2,1.0,4.3,1.5,1.5,5.3,8.5,0.4,0.2,0.6,1.2,1.4,1.1,1.4,1.2,0.5,4.6,0.8,1.6,6.3,8.7,0.3,0.6,0.4
DMHDS0498,0.9,0.9,1.0,0.8,1.8,0.9,3.9,1.3,1.4,4.9,6.8,0.4,0.5,0.4,0.6,0.9,1.2,0.8,1.1,1.0,5.2,0.8,0.8,4.4,6.7,0.3,0.2,1.4
DMHDS0550,1.0,1.5,1.4,1.2,1.4,1.0,5.3,1.3,1.7,7.2,10.7,0.6,0.8,0.2,1.0,2.0,1.8,1.2,0.8,1.0,5.5,0.8,1.8,7.1,10.3,0.4,0.2,0.2
DMHDS0225,0.7,0.7,1.3,1.1,0.9,1.1,3.8,1.2,0.9,3.7,5.9,0.6,0.2,0.5,0.5,0.9,1.1,1.0,1.0,0.8,3.7,1.1,1.0,3.9,6.0,0.4,0.2,0.2
DMHDS0541,1.1,1.2,1.2,0.8,1.6,1.0,4.7,1.8,2.1,4.8,8.1,0.5,1.1,1.5,0.7,1.2,1.2,1.1,1.4,0.9,4.4,1.5,1.8,4.2,7.3,0.3,0.4,0.3
DMHDS0436,1.2,1.2,1.0,1.1,1.4,0.7,3.6,1.0,1.2,4.4,6.9,0.8,1.9,0.6,0.8,1.0,1.1,0.9,1.1,0.7,3.7,0.7,1.2,4.8,7.5,0.3,1.3,0.4
DMHDS0456,0.9,1.2,1.2,1.0,1.1,0.8,4.1,1.2,1.2,4.0,6.5,0.5,0.2,0.2,0.7,1.3,1.0,0.9,0.9,0.8,3.7,0.8,1.1,4.7,6.6,0.2,0.3,0.3
DMHDS0441,1.0,1.5,0.8,0.9,0.9,0.8,3.8,1.2,1.1,3.9,6.5,0.4,0.1,0.2,0.6,0.9,0.9,1.0,0.7,0.9,3.4,0.7,0.7,5.2,5.7,0.3,0.2,0.3
DMHDS0564,0.9,1.8,1.1,1.1,1.3,0.6,4.1,1.0,1.3,5.1,7.0,0.5,0.2,0.6,0.6,1.6,1.0,1.1,1.0,0.6,3.0,0.9,1.2,5.4,7.3,0.3,0.3,0.2
DMHDS0561,0.9,1.0,1.1,1.0,1.0,1.1,4.1,1.0,1.5,4.0,6.2,0.3,0.2,0.4,0.8,1.2,1.1,0.7,0.5,0.5,3.9,0.9,1.0,4.5,6.1,0.2,0.2,0.2
DMHDS0427,0.8,1.0,1.1,1.0,0.8,0.7,3.1,1.1,1.2,3.6,6.4,0.6,0.2,0.2,0.2,0.6,0.6,0.7,0.4,0.3,3.5,1.1,1.4,4.4,6.7,0.4,0.2,0.0
DMHDS0570,1.1,1.6,1.0,1.1,1.8,1.0,4.0,1.4,1.1,6.6,8.1,0.5,0.4,0.9,0.7,1.2,1.1,1.1,1.0,0.6,4.3,1.0,0.9,6.2,8.1,0.7,0.1,0.3
DMHDS0529,1.3,1.2,1.3,0.8,1.5,0.8,4.0,1.0,1.0,3.9,4.8,0.5,0.1,0.3,0.9,1.0,0.7,0.6,1.0,0.7,3.5,0.9,1.0,3.2,4.6,0.8,0.3,0.2
DMHDS0532,0.9,1.4,1.2,1.1,1.3,1.0,9.0,1.2,1.3,5.0,6.6,0.6,0.2,0.3,0.7,1.1,1.0,1.0,1.3,1.0,5.7,1.0,0.8,4.2,6.2,0.4,0.5,0.2
DMHDS0536,0.9,0.7,0.9,0.6,1.1,0.6,4.6,1.0,1.5,5.4,6.7,0.7,0.2,0.2,0.6,1.2,1.3,1.1,0.7,0.7,5.0,1.0,1.3,5.3,6.5,0.4,0.3,1.0
DMHDS0575,0.9,0.8,1.0,0.7,1.5,0.8,4.6,1.2,1.3,3.7,5.5,0.3,0.3,0.3,0.6,0.6,0.9,0.8,0.6,0.4,4.6,0.9,1.1,4.8,5.7,0.2,0.1,0.2
DMHDS0563,1.0,1.3,1.3,1.2,1.6,0.9,5.1,1.4,1.4,5.1,8.2,0.6,0.3,0.2,0.8,1.3,1.4,1.2,0.9,1.1,4.1,0.8,0.6,7.5,8.5,0.3,0.3,0.2
DMHDS0535,0.6,1.1,1.1,0.7,1.2,0.8,4.8,1.3,1.1,3.4,5.8,0.5,0.4,0.6,0.8,1.3,1.7,1.2,1.3,1.2,7.8,0.9,1.1,4.0,4.9,0.4,0.3,0.5
DMHDS0565,0.9,1.4,0.9,0.6,1.0,0.6,4.0,1.3,1.6,4.9,7.9,0.5,0.3,0.4,0.7,1.4,1.0,1.0,0.7,0.7,4.0,1.0,2.3,4.9,8.4,0.3,0.6,0.2
DMHDS0572,1.1,0.6,1.1,0.7,1.3,0.6,7.4,1.7,2.8,5.6,8.9,0.5,1.1,3.0,0.8,1.7,1.2,1.0,1.3,0.9,5.2,1.4,2.0,4.9,8.7,0.2,2.1,0.5
DMHDS0577,0.9,1.1,1.3,0.7,1.0,1.2,5.8,1.6,1.9,3.5,6.3,0.3,0.2,0.1,0.5,0.8,1.3,0.8,0.9,0.8,4.7,1.2,1.5,4.0,6.5,0.3,0.3,0.1
DMHDS0424,1.1,1.1,1.2,0.9,1.1,1.1,4.5,1.4,1.8,4.7,6.7,0.4,0.3,0.4,0.8,1.3,1.1,1.0,0.7,1.0,4.0,1.0,1.5,3.7,6.3,0.3,0.6,0.3
DMHDS0560,1.4,1.7,1.2,1.1,1.7,1.2,6.4,2.6,2.7,5.3,6.4,0.7,0.1,0.6,0.9,1.8,2.1,1.5,1.4,1.6,6.9,1.4,2.0,5.4,7.1,0.4,0.4,0.9
DMHDS0582,1.1,1.2,1.3,1.4,1.3,1.1,4.8,1.2,1.5,4.9,5.9,0.5,0.5,0.4,0.9,2.0,1.4,1.4,1.2,1.0,4.9,0.8,1.0,6.8,8.2,0.3,0.3,0.3
DMHDS0487,0.8,1.5,1.4,1.3,1.4,0.9,4.8,0.9,1.2,4.7,7.1,0.5,0.2,0.3,0.9,0.9,1.2,1.5,1.3,0.9,5.2,0.9,1.2,3.9,7.7,0.2,0.3,0.4
DMHDS0598,0.9,2.0,0.8,0.9,1.3,0.6,4.7,1.2,1.3,4.5,5.5,0.6,0.2,0.3,0.8,1.4,0.8,1.1,0.5,0.5,3.9,0.5,1.1,5.7,7.5,0.3,0.3,0.1
DMHDS0556,1.2,1.2,0.9,0.9,2.0,1.0,4.9,1.3,1.1,5.6,7.9,0.8,0.7,0.6,1.1,1.8,1.2,1.1,0.8,0.7,4.5,0.8,1.0,4.8,7.5,0.3,0.2,0.2
DMHDS0567,1.1,1.1,1.6,1.2,1.4,0.9,3.6,2.1,2.2,5.1,6.2,0.4,0.2,0.4,0.9,1.0,1.1,0.8,1.1,1.2,3.4,0.9,0.9,4.3,6.5,0.3,0.2,0.3
DMHDS0603,0.4,0.6,0.9,0.7,0.6,0.7,2.8,1.0,1.3,3.7,4.5,0.3,0.1,0.2,0.3,0.4,0.7,0.6,0.6,0.5,2.8,0.4,0.7,3.2,4.8,0.1,0.1,0.1
DMHDS0528,1.3,0.9,1.1,0.9,1.5,1.1,5.0,1.1,1.3,6.0,5.7,0.5,0.2,0.6,0.9,1.4,1.2,0.9,1.0,0.8,4.4,1.0,1.7,4.2,5.4,0.3,0.2,0.2
DMHDS0542,0.9,0.8,1.0,0.8,1.3,0.9,4.5,1.1,1.5,5.1,7.6,0.8,0.2,0.2,0.6,0.8,1.2,0.9,0.7,0.9,4.0,0.6,1.3,3.8,7.8,0.4,0.3,0.2
DMHDS0491,1.3,1.3,1.1,1.1,1.5,0.8,5.2,1.3,1.6,5.7,7.3,0.8,0.8,0.5,0.9,1.1,1.1,1.1,1.0,0.7,6.1,0.7,1.6,5.6,8.4,0.4,0.5,0.7
DMHDS0593,0.8,1.1,1.0,0.9,0.8,0.8,3.6,1.3,1.2,3.6,5.0,0.4,0.2,0.4,1.0,1.8,0.9,1.1,0.8,0.4,3.6,1.3,0.9,3.0,5.2,0.3,0.1,0.1
DMHDS0422,0.7,0.9,0.8,1.2,1.3,0.6,3.6,1.1,1.5,3.6,5.4,0.7,0.8,0.2,0.5,1.3,0.8,0.8,0.6,0.3,3.1,1.1,1.4,3.7,7.2,0.2,1.0,0.1
DMHDS0607,1.1,1.2,1.0,1.1,1.4,0.8,4.7,1.1,0.8,5.3,7.9,0.5,0.2,0.3,0.6,0.9,0.8,1.1,1.4,1.1,4.0,0.9,0.8,6.0,6.7,0.3,1.4,0.1
DMHDS0608,0.9,0.9,1.0,0.6,1.1,0.6,4.2,1.9,1.5,6.1,7.9,0.3,0.1,0.5,1.2,1.7,1.2,0.9,0.8,0.7,5.1,1.2,1.2,5.7,8.5,0.2,0.2,0.1
DMHDS0581,1.0,1.1,1.0,0.8,1.3,0.9,4.7,1.0,1.6,5.2,6.7,0.9,1.4,0.2,1.4,1.2,0.9,0.9,1.2,0.6,4.8,0.8,1.1,3.8,5.6,0.2,0.9,0.6
DMHDS0571,0.9,1.4,0.9,1.0,1.4,0.9,4.3,1.2,1.3,4.0,6.5,0.6,0.2,0.7,0.9,1.4,1.3,0.8,1.0,0.7,5.0,1.0,1.3,4.1,8.0,0.4,0.2,0.5
DMHDS0616,1.0,1.1,0.9,0.7,1.0,0.7,3.4,0.8,1.0,4.1,6.9,0.4,0.2,0.1,0.8,1.3,0.8,0.8,1.0,0.4,5.0,0.9,0.8,3.8,5.7,0.3,0.8,0.2
DMHDS0604,1.0,1.2,1.2,1.1,1.1,1.2,4.2,1.2,1.0,4.9,5.4,0.7,0.3,0.2,0.9,0.8,1.2,1.1,0.9,1.1,4.4,1.3,1.1,3.9,6.1,0.2,0.5,0.2
DMHDS0580,0.7,1.3,1.0,1.0,0.7,0.6,2.9,1.4,1.0,4.4,6.8,0.3,0.2,0.2,0.5,1.0,1.0,0.9,0.5,0.5,2.6,0.8,1.3,4.8,6.9,0.1,0.3,0.2
DMHDS0612,0.8,0.8,1.0,0.8,0.8,1.0,3.0,1.1,1.1,4.7,6.8,0.4,0.2,0.1,0.9,1.1,1.0,0.7,0.7,0.7,3.4,0.8,0.9,4.2,6.0,0.2,0.4,0.1
DMHDS0420,0.9,1.3,1.3,1.1,1.7,0.8,5.2,1.6,1.4,5.3,6.5,0.5,0.3,0.3,0.7,1.1,1.1,0.9,1.0,0.9,3.5,0.8,0.9,7.3,8.1,0.8,0.3,0.5
DMHDS0476,1.1,1.0,1.2,0.7,1.2,0.9,4.4,1.3,1.4,4.6,7.3,0.7,0.3,0.3,0.7,1.5,1.4,0.7,0.8,0.4,4.2,0.9,1.8,3.4,7.0,0.7,0.3,0.2
DMHDS0566,1.1,1.0,0.9,0.8,1.3,0.5,3.9,1.5,1.3,5.2,6.4,0.6,0.1,0.2,0.7,1.4,1.1,1.0,1.0,0.7,3.7,1.0,1.1,4.7,7.3,0.2,0.2,0.3
DMHDS0429,0.6,1.5,1.1,1.2,1.4,0.9,6.2,0.9,1.2,5.3,6.5,0.7,0.1,0.4,0.5,0.9,0.9,1.0,0.8,0.9,5.1,1.1,1.0,4.5,7.6,0.4,0.2,0.1
DMHDS0595,1.2,1.6,1.2,0.8,1.0,1.0,3.6,1.5,1.1,6.4,7.1,0.4,0.2,0.7,1.0,1.5,1.3,1.3,0.8,0.8,4.2,0.8,1.1,5.6,7.8,0.4,0.3,0.5
DMHDS0516,1.1,0.8,1.2,0.9,0.7,0.6,4.1,1.9,1.0,3.0,5.5,0.6,0.2,0.1,1.2,1.8,1.2,0.9,0.7,0.4,4.2,0.6,0.7,3.5,6.2,0.6,0.1,0.4
DMHDS0283,0.9,1.0,0.9,1.5,1.2,0.8,3.5,1.7,2.0,6.6,6.3,0.5,0.7,1.0,0.7,0.8,1.0,0.7,0.6,0.6,4.5,1.1,1.0,5.8,8.1,0.3,1.2,0.8
DMHDS0609,0.8,1.1,1.3,0.7,1.9,1.1,5.1,1.3,1.6,5.6,6.8,0.6,0.2,0.8,0.9,2.4,1.3,1.3,1.1,0.9,4.9,0.6,1.3,5.1,8.2,0.2,0.2,0.3
DMHDS0433,0.8,1.4,1.1,1.0,1.5,0.9,4.4,1.2,1.1,6.0,6.6,0.5,0.4,0.4,0.3,1.0,1.0,0.8,0.6,0.5,5.1,0.8,1.3,6.2,7.9,0.2,0.2,0.2
DMHDS0624,1.0,0.9,1.1,0.8,2.0,0.8,4.2,1.4,1.4,5.5,7.5,0.6,0.2,0.5,0.2,1.2,1.0,1.0,0.8,0.7,5.4,1.3,1.4,5.0,7.4,0.4,0.2,0.4
DMHDS0384,0.9,1.4,0.9,0.9,1.1,0.7,3.6,1.6,1.3,5.0,8.0,0.5,0.1,0.3,0.8,1.1,1.1,0.9,0.5,0.8,3.5,0.7,0.9,6.4,8.7,0.4,0.3,0.1
DMHDS0650,1.2,2.2,1.1,0.9,1.5,0.9,4.6,0.9,1.1,6.8,10.2,0.7,0.2,0.7,1.0,2.3,1.1,1.1,1.1,0.8,4.5,0.6,1.0,5.0,8.6,0.2,0.3,0.3
DMHDS0527,1.3,0.8,0.9,0.8,1.2,0.7,4.3,1.6,1.0,3.9,6.8,0.5,0.3,0.7,0.5,1.0,0.9,1.4,0.9,0.6,5.1,0.8,1.0,3.4,6.1,0.2,0.2,0.3
DMHDS0627,1.2,0.9,1.1,0.8,1.8,1.1,6.1,1.4,1.7,5.3,8.1,0.4,1.1,0.3,1.1,1.6,1.4,1.0,1.2,1.4,5.8,1.3,1.4,7.4,8.8,0.5,1.1,1.0
DMHDS0658,1.3,1.6,1.1,0.7,1.2,0.7,5.2,1.5,1.5,4.3,7.5,0.5,0.3,0.8,1.0,1.5,1.1,0.7,0.7,0.5,6.1,1.3,1.2,4.3,7.5,0.4,0.3,0.3
DMHDS0655,1.1,1.3,1.3,1.3,1.0,1.0,3.8,1.3,1.4,5.3,7.4,0.6,1.2,0.2,0.9,1.3,1.2,0.9,0.8,1.1,3.7,0.8,1.1,5.5,8.6,0.4,1.0,0.2
DMHDS0667,1.1,1.7,1.1,1.2,1.2,0.9,4.4,1.9,1.8,5.1,6.9,0.7,0.3,0.3,1.1,1.3,0.8,0.8,0.4,0.6,4.7,1.5,1.5,4.7,7.7,0.5,0.3,0.2
DMHDS0634,0.9,1.1,0.9,1.4,0.9,0.5,4.2,1.1,1.2,5.2,5.6,0.4,0.1,0.4,0.8,1.2,1.0,0.8,0.4,0.6,3.4,0.8,1.0,4.5,7.4,0.2,0.2,0.2
DMHDS0274,0.9,1.4,1.1,1.1,1.0,1.1,3.9,1.5,1.4,5.1,6.3,0.3,1.5,0.1,0.9,1.3,1.1,0.8,0.8,0.9,4.0,0.8,0.9,4.6,5.9,0.2,0.3,0.2
DMHDS0666,0.7,1.2,0.9,0.6,0.8,0.6,2.9,1.3,1.1,3.8,5.6,0.5,0.5,0.3,0.5,0.8,0.5,0.6,1.0,0.4,3.4,1.0,1.0,3.7,4.7,0.2,0.8,0.2
DMHDS0635,0.7,0.7,1.0,0.9,1.0,0.5,4.4,1.0,0.7,4.0,5.4,0.5,0.2,0.6,0.5,0.7,0.9,0.8,0.8,0.5,3.6,0.6,0.9,4.0,6.6,0.2,0.3,0.4
DMHDS0641,0.7,0.7,1.1,0.6,1.0,0.7,6.9,2.3,2.0,4.7,5.4,0.6,0.3,0.4,1.0,1.3,0.9,0.9,1.1,0.4,4.3,0.7,1.6,4.9,7.8,0.5,0.5,0.4
DMHDS0645,0.9,1.6,1.0,0.7,1.1,1.0,3.6,1.2,1.5,4.7,7.1,0.4,0.1,0.2,1.2,1.9,1.2,1.4,0.8,1.3,4.4,0.8,1.7,4.4,5.7,0.2,0.2,0.1
DMHDS0676,1.0,1.0,1.1,0.9,0.9,0.9,3.6,1.7,1.0,3.7,5.6,0.7,0.1,0.8,0.7,1.2,1.0,1.2,0.8,0.7,4.3,0.8,1.0,3.2,5.4,0.2,0.2,0.1
DMHDS0573,0.7,1.0,1.0,0.7,0.8,0.9,3.9,1.1,1.1,4.7,6.0,0.4,0.1,0.4,0.5,0.8,0.8,0.5,0.9,0.4,3.9,0.7,1.1,3.6,6.0,0.4,0.2,0.2
DMHDS0673,0.7,0.7,0.7,0.8,1.1,0.4,3.0,1.4,1.0,3.4,5.1,0.4,0.1,0.3,0.7,0.7,0.7,0.6,0.5,0.6,3.0,0.9,0.9,3.7,5.2,0.2,0.2,0.2
DMHDS0686,0.7,0.8,0.9,1.0,1.0,0.5,3.3,1.4,1.0,6.5,8.3,0.5,0.2,0.2,0.6,1.2,1.0,0.6,0.7,0.8,2.9,0.7,1.2,7.2,9.7,0.3,0.1,0.1
DMHDS0594,0.7,1.6,0.8,1.2,1.3,0.8,5.2,1.4,1.1,4.6,5.7,0.5,0.2,0.3,0.6,1.3,0.8,1.0,1.0,0.5,5.4,1.1,1.3,3.8,5.5,0.2,0.2,0.2
DMHDS0620,1.0,1.1,1.4,1.2,1.3,0.8,5.0,0.9,1.3,5.4,7.1,0.6,0.2,0.5,1.3,3.3,1.2,1.5,0.9,1.1,7.2,0.8,1.2,5.3,7.2,0.3,0.3,0.7
DMHDS0492,0.9,1.0,1.2,0.8,1.2,0.9,3.7,2.2,1.7,5.4,6.1,0.4,0.1,0.1,0.6,0.9,1.0,0.9,0.7,0.8,3.4,0.7,1.0,4.4,6.5,0.2,0.3,0.2
DMHDS0636,0.8,0.9,1.1,0.7,1.1,0.6,3.6,1.2,1.2,5.0,6.3,0.6,0.2,0.3,1.0,0.6,0.9,0.7,0.6,0.5,4.3,0.6,0.8,5.1,7.2,0.3,0.2,0.2
DMHDS0683,0.8,0.8,0.8,0.6,0.8,0.7,3.7,1.1,1.2,4.7,6.5,0.6,0.1,0.4,0.6,1.0,1.0,0.7,0.5,0.6,3.4,1.3,0.7,4.8,6.7,0.2,0.2,0.2
DMHDS0664,1.1,1.2,0.8,0.9,0.8,0.6,4.0,1.0,1.5,3.8,4.9,0.7,0.1,0.7,0.2,1.2,0.9,0.4,0.6,0.3,3.6,1.0,1.4,3.4,5.6,0.3,0.3,0.2
DMHDS0681,0.8,0.8,1.0,0.7,1.3,0.9,4.5,1.0,1.7,4.8,7.8,0.2,0.6,0.2,0.5,0.8,1.0,0.9,0.9,0.7,3.5,0.7,1.1,5.1,6.5,0.3,1.1,0.1
DMHDS0668,0.5,1.3,1.1,0.9,1.0,1.2,4.5,1.0,0.9,3.8,7.0,0.7,0.1,0.1,0.4,1.4,1.0,0.8,1.5,0.5,3.4,0.6,1.1,3.7,6.4,0.2,0.3,0.3
DMHDS0718,1.1,1.7,1.2,1.2,1.0,0.9,4.2,1.4,1.1,7.0,8.5,0.4,0.2,0.5,0.5,2.5,1.2,0.7,1.6,0.8,4.0,0.8,1.0,7.4,8.9,0.4,0.7,0.0
DMHDS0479,0.8,1.2,1.0,0.9,1.0,0.6,5.1,1.4,1.6,6.5,7.5,0.6,0.2,0.5,0.5,0.8,1.2,1.1,1.0,0.7,5.3,1.1,1.4,6.3,10.2,0.2,0.2,0.0
DMHDS0720,0.6,0.8,0.9,0.7,0.8,0.7,4.0,0.9,1.4,4.7,5.6,0.6,0.1,0.2,0.8,0.9,1.0,0.5,0.6,0.8,3.2,0.9,1.0,4.2,5.8,0.4,0.4,0.2
DMHDS0719,0.7,0.9,0.8,0.8,0.9,0.6,3.8,1.0,1.5,4.4,5.7,0.5,0.5,0.2,0.7,1.1,0.9,1.0,0.8,0.5,3.7,1.2,1.1,4.9,6.7,0.5,0.6,0.2
DMHDS0549,1.1,1.6,1.3,1.1,1.2,0.9,5.1,1.7,1.4,4.4,7.6,0.6,0.1,0.2,0.8,1.7,1.3,1.5,0.8,0.8,7.4,0.9,1.2,4.6,8.0,0.3,0.3,0.2
DMHDS0437,1.2,1.6,1.2,0.9,1.3,1.0,4.0,1.5,1.0,6.4,6.8,0.4,0.1,0.3,0.7,1.7,1.0,1.1,1.1,0.6,3.3,1.4,0.9,4.4,6.1,0.3,0.7,0.2
DMHDS0669,1.1,1.2,1.3,0.8,0.8,0.9,4.1,1.4,1.6,4.4,7.3,0.4,1.0,0.6,1.0,1.2,0.9,0.8,0.8,0.7,3.7,0.7,1.6,5.0,7.8,0.4,0.3,0.3
DMHDS0637,0.7,0.9,1.1,0.5,1.9,1.2,6.3,1.2,1.4,6.1,8.0,0.3,0.6,0.4,0.5,1.7,1.0,1.1,1.5,0.9,4.8,1.1,1.0,6.1,8.5,0.2,0.1,0.3
DMHDS0723,0.7,0.9,1.1,1.0,1.1,0.9,4.1,1.4,1.7,4.6,6.1,0.6,0.1,0.4,0.5,1.1,1.0,0.7,0.7,0.9,4.1,0.7,1.4,4.6,7.3,0.3,0.2,0.4
DMHDS0716,1.2,1.5,1.1,1.0,1.1,0.7,4.2,1.5,1.4,4.0,5.8,0.6,0.2,0.2,0.9,1.6,0.8,1.1,0.9,1.2,4.8,0.7,1.2,5.0,6.5,0.5,0.2,0.1
DMHDS0735,0.9,1.5,1.2,1.3,1.6,0.8,6.5,1.7,1.5,5.5,7.6,0.5,2.0,0.5,0.7,1.9,1.2,1.3,1.6,0.8,5.4,0.9,1.4,5.4,8.4,0.1,0.2,0.4
DMHDS0733,0.8,1.1,1.1,0.7,1.6,1.1,3.5,1.4,0.9,6.3,6.3,0.4,0.1,0.6,0.8,0.9,0.9,0.7,1.2,0.6,4.0,0.8,1.0,6.0,7.9,0.3,0.3,0.2
DMHDS0465,1.3,2.1,1.2,1.0,1.4,1.1,4.3,1.5,1.2,5.1,5.7,0.4,0.6,0.2,1.0,1.4,1.2,1.4,1.0,0.8,4.2,1.2,0.8,4.3,6.5,0.3,0.6,0.3
DMHDS0632,0.7,1.2,1.1,1.0,0.8,1.2,4.2,1.2,1.3,3.7,7.1,0.4,0.2,0.5,1.0,1.0,1.3,0.7,0.7,0.6,4.0,0.6,0.8,3.7,6.8,0.3,0.2,0.3
DMHDS0741,1.9,1.2,1.2,1.0,1.0,1.1,4.3,1.6,1.0,5.5,9.6,0.1,0.1,0.2,1.7,1.1,1.0,0.9,0.6,1.0,4.1,0.6,1.3,8.5,8.5,0.1,1.0,0.2
DMHDS0728,0.8,1.2,0.8,1.3,0.8,0.8,3.1,0.8,1.5,4.9,6.7,0.4,0.1,0.2,0.4,1.2,1.0,1.3,0.7,0.6,3.1,1.2,1.0,3.7,6.4,0.3,0.1,0.1
DMHDS0742,0.7,0.7,1.4,0.8,0.7,0.6,3.6,1.3,1.8,6.2,8.1,0.4,0.9,0.3,0.4,0.6,1.1,0.8,0.7,0.5,2.9,0.8,1.9,6.5,8.8,0.4,0.3,0.2
DMHDS0631,0.9,0.8,1.2,0.8,1.1,1.2,4.0,1.2,0.9,5.6,7.8,0.4,0.4,0.8,0.5,1.1,1.1,0.8,1.1,0.9,3.7,0.7,0.7,5.4,8.6,0.3,0.2,1.0
DMHDS0605,0.6,1.0,1.0,0.9,0.8,0.5,3.4,1.3,1.1,4.9,6.5,0.6,0.2,0.3,0.5,0.8,1.0,1.0,0.7,0.5,4.1,1.0,1.1,6.0,6.4,0.4,0.2,0.1
DMHDS0672,1.0,1.9,1.2,1.0,1.5,0.8,5.1,0.9,0.9,5.4,6.5,0.6,0.2,0.4,0.9,1.8,1.2,1.0,0.9,0.6,4.2,1.0,1.1,5.7,7.8,0.4,0.2,0.2
DMHDS0640,0.6,1.1,1.0,1.1,1.2,1.1,7.7,1.3,1.1,5.1,6.1,0.5,0.3,0.9,1.1,1.4,1.3,1.2,1.3,1.1,8.6,0.7,1.1,5.1,6.9,0.3,0.3,0.1
DMHDS0695,0.7,0.9,1.0,1.0,0.9,1.1,4.3,1.6,1.5,5.2,7.2,0.7,1.1,0.1,0.6,1.4,1.2,1.4,1.0,0.6,3.7,1.2,1.4,6.1,8.0,0.4,1.9,0.2
DMHDS0442,0.6,0.7,1.0,0.9,0.5,0.7,3.2,1.7,1.2,5.5,6.6,0.6,0.1,0.2,0.1,0.7,0.6,0.7,0.5,0.3,3.8,0.6,0.8,3.9,5.3,0.4,0.2,0.2
DMHDS0750,0.6,1.1,1.3,1.4,1.4,1.2,3.6,0.8,0.7,4.8,7.4,0.3,0.2,0.1,0.5,1.0,2.3,1.2,0.6,1.0,3.5,0.5,0.7,5.5,7.4,0.3,0.7,0.1
DMHDS0739,1.0,1.2,1.0,1.7,1.4,0.9,5.6,1.8,1.6,5.5,6.2,0.9,0.2,0.6,0.2,1.0,1.2,1.5,0.8,0.6,5.0,1.6,1.4,5.1,7.4,0.6,0.6,0.4
DMHDS0768,0.3,0.7,0.5,0.4,0.5,0.4,3.8,2.4,2.6,5.6,7.2,0.5,0.2,0.4,0.9,1.6,1.0,1.0,0.6,0.7,4.1,0.9,1.2,4.0,5.3,0.3,0.2,0.6
DMHDS0671,1.2,1.0,1.1,1.3,1.3,0.9,5.1,1.9,2.4,5.0,8.2,0.4,0.3,0.3,1.1,2.4,1.5,1.4,0.9,1.0,5.1,1.2,1.5,4.0,7.3,0.2,0.6,0.3
DMHDS0693,0.7,0.9,0.8,0.9,1.2,0.6,3.9,1.4,1.1,4.5,8.0,0.4,0.2,1.2,0.4,0.8,0.8,0.7,0.8,0.4,4.0,1.1,1.1,4.5,7.2,0.3,0.2,1.2
DMHDS0771,1.1,1.6,1.2,1.5,1.1,1.1,3.7,1.0,1.0,4.8,5.2,0.4,0.3,0.4,1.9,1.8,0.9,1.5,0.3,1.1,5.1,0.8,1.0,4.7,5.8,0.5,0.2,0.3
DMHDS0775,1.0,1.4,1.1,1.1,1.1,1.1,7.1,1.0,1.4,5.7,6.0,0.4,0.3,0.6,0.5,1.0,1.0,1.2,1.4,0.9,7.7,0.6,0.9,4.5,8.9,0.4,0.2,0.4
DMHDS0674,0.9,1.9,0.9,1.0,1.1,0.7,3.6,1.4,1.3,5.3,6.4,0.5,0.2,0.3,0.6,1.3,0.9,1.1,1.1,0.8,4.0,0.9,1.8,4.1,7.2,0.3,0.4,0.2
DMHDS0779,0.7,1.3,1.0,0.9,0.7,0.8,3.8,1.2,1.1,4.7,6.5,0.6,0.2,0.3,0.9,1.1,1.0,0.6,0.6,0.5,2.7,0.7,0.8,5.4,7.5,0.3,0.2,0.2
DMHDS0698,0.8,1.2,1.1,0.6,1.3,0.8,4.3,1.5,1.5,4.5,6.2,0.6,0.4,0.5,0.8,1.6,1.1,0.6,0.7,0.9,3.3,1.0,1.1,4.6,6.4,0.3,0.3,1.2
DMHDS0678,0.6,1.4,1.1,1.0,0.9,0.8,3.8,1.8,1.2,5.7,7.4,0.5,1.1,0.4,0.5,1.4,0.9,1.2,0.6,0.6,3.2,0.7,1.3,4.5,6.6,0.3,0.1,0.2
DMHDS0694,0.9,0.8,1.3,1.0,1.2,1.2,4.6,1.1,1.4,6.0,6.5,0.6,0.1,0.4,1.0,1.3,1.3,1.1,0.7,0.7,3.9,0.6,0.9,6.6,6.8,0.2,0.2,0.3
DMHDS0758,0.8,1.5,1.2,1.2,1.2,1.0,4.7,0.9,1.1,5.0,6.3,0.6,0.1,0.5,1.0,2.1,1.2,1.3,0.9,0.8,4.1,0.6,1.0,3.9,7.5,0.4,0.2,0.3
DMHDS0790,0.8,1.1,1.2,0.5,1.3,0.8,3.7,1.0,1.0,4.4,6.3,0.4,0.1,0.4,0.5,1.1,0.9,0.7,0.6,0.7,4.5,0.7,0.9,4.1,7.2,0.2,0.2,0.1
DMHDS0791,1.0,1.3,1.0,0.9,1.1,1.0,4.6,1.3,2.7,3.8,6.9,0.5,0.2,0.3,0.8,1.8,1.0,1.5,1.1,0.6,4.3,0.9,1.7,4.5,7.4,0.2,0.4,0.1
DMHDS0751,1.1,0.9,1.1,1.0,1.9,1.0,5.7,1.6,1.6,5.6,6.8,0.5,0.9,0.6,0.8,1.9,1.1,1.0,0.9,0.9,6.4,0.7,1.2,5.2,6.9,0.5,1.0,0.7
DMHDS0789,0.9,1.2,1.4,1.0,1.3,0.9,5.2,1.5,2.0,6.1,7.7,0.7,0.3,0.9,1.4,1.3,1.6,0.8,0.8,0.7,4.2,1.1,1.4,4.3,7.2,0.6,0.3,0.3
DMHDS0792,0.6,2.0,1.1,1.1,1.0,0.9,3.3,1.6,1.2,4.2,6.9,0.5,0.1,0.4,0.7,1.1,1.1,0.9,0.7,0.6,3.1,1.2,1.0,3.9,6.4,0.3,0.4,0.3
DMHDS0772,1.0,1.4,1.5,1.3,1.7,1.5,6.1,1.0,1.4,5.4,7.3,0.7,0.3,0.9,1.0,1.8,1.8,1.5,0.9,1.0,4.9,0.9,1.1,5.3,8.3,0.4,0.4,0.2
DMHDS0797,0.8,1.0,1.1,0.9,1.4,0.8,4.2,1.5,1.4,4.9,7.0,0.4,0.2,0.3,0.8,0.9,2.1,1.1,1.2,0.5,4.3,0.7,1.5,4.9,8.0,0.2,0.1,0.2
DMHDS0737,0.9,0.9,1.0,0.6,1.0,0.4,4.2,1.3,1.0,5.7,6.2,0.7,0.2,0.3,0.8,2.1,1.1,1.2,0.9,0.8,4.8,0.9,0.8,4.8,6.4,0.5,0.3,0.2
DMHDS0583,1.0,1.4,1.1,1.0,1.3,1.0,4.4,1.7,1.9,5.4,7.2,0.4,0.4,0.5,0.6,0.8,1.1,1.0,1.3,1.0,5.2,1.1,0.9,5.3,7.3,0.4,0.4,0.2
DMHDS0800,0.9,1.1,1.0,1.2,0.9,0.5,4.0,1.4,0.9,4.1,6.6,0.4,0.2,0.1,0.4,1.2,1.1,1.4,0.8,0.6,4.2,0.9,1.1,4.2,6.2,0.3,0.2,0.1
DMHDS0801,0.7,0.8,1.1,0.7,1.0,0.4,4.8,1.2,1.5,3.7,5.6,0.4,0.1,0.1,0.7,0.6,0.8,0.6,1.0,0.3,4.0,0.7,0.9,4.7,6.7,0.3,0.2,0.1
DMHDS0696,1.0,1.0,1.3,1.0,1.3,0.9,3.6,1.1,0.9,5.4,5.8,0.4,0.1,0.3,0.8,2.0,1.3,1.1,1.0,1.2,3.6,0.7,1.0,4.4,6.2,0.3,0.2,0.2
DMHDS0796,0.9,1.1,1.3,0.7,1.2,0.7,4.6,1.3,1.0,4.6,6.0,0.6,1.9,0.1,0.4,1.0,0.7,0.9,0.9,0.6,6.1,1.2,1.1,5.6,7.3,0.4,1.1,0.2
DMHDS0617,0.9,0.7,0.9,1.0,1.2,0.8,4.6,1.3,1.6,4.5,6.2,0.4,0.2,0.6,0.8,1.5,1.3,1.2,0.7,0.6,4.1,0.9,1.2,4.3,6.3,0.2,0.4,0.5
DMHDS0781,1.2,1.1,1.0,0.9,1.7,0.8,5.1,1.5,2.0,4.8,6.7,0.3,0.1,0.2,0.8,1.0,1.1,1.1,1.3,0.6,4.3,1.3,1.3,4.2,8.1,0.3,0.2,0.2
DMHDS0755,0.9,1.2,1.1,1.0,1.2,0.6,3.8,1.5,1.5,4.4,6.5,0.5,0.9,0.2,0.6,1.3,1.0,0.8,0.7,0.5,3.5,0.9,1.2,4.3,6.9,0.4,0.2,0.3
DMHDS0782,0.9,0.9,1.3,0.7,0.9,1.0,3.7,1.4,1.6,5.1,6.6,0.5,0.9,0.3,0.6,1.6,1.1,0.7,0.9,0.6,3.3,0.9,1.1,6.0,6.9,0.5,1.1,0.8
DMHDS0803,1.0,0.8,0.7,0.7,1.5,0.5,4.4,1.1,1.4,6.3,7.7,0.6,1.1,0.3,0.7,1.2,0.9,0.8,1.4,0.6,4.3,0.9,1.0,5.4,8.0,0.2,0.2,1.0
DMHDS0795,0.8,1.3,1.0,1.0,0.9,0.7,4.6,1.9,1.6,4.1,5.6,0.4,0.1,0.1,0.6,1.2,1.0,0.7,0.9,0.4,3.5,0.5,1.3,4.0,5.5,0.3,0.2,0.2
DMHDS0601,1.0,0.8,1.1,1.1,1.0,0.9,3.4,1.5,1.7,5.7,7.3,0.6,0.2,0.7,0.9,1.8,1.2,1.0,0.9,0.8,4.4,0.8,1.2,4.1,7.8,0.3,0.5,0.4
DMHDS0786,0.7,0.7,0.9,0.7,0.7,0.7,3.3,1.0,0.8,3.8,5.4,0.5,0.1,0.2,0.7,1.2,1.0,0.6,0.9,0.5,3.2,0.6,0.7,3.4,5.8,0.4,0.2,0.2
DMHDS0778,1.0,1.1,1.0,1.1,1.6,1.0,6.3,2.4,2.4,5.5,7.4,0.5,0.9,0.2,1.1,1.0,1.3,1.0,0.5,0.8,4.1,0.8,1.6,5.6,10.0,0.3,0.3,0.1
DMHDS0724,0.8,0.9,1.0,0.6,0.9,0.6,3.2,1.1,1.3,5.1,6.9,0.6,0.2,0.4,0.1,0.8,0.5,0.5,0.4,0.5,3.6,0.8,1.7,5.9,8.0,0.4,0.4,0.2
DMHDS0732,0.9,1.2,1.3,1.0,1.1,0.6,4.1,1.2,1.0,4.1,6.6,0.4,0.2,0.1,0.7,1.0,1.0,0.7,0.7,0.7,4.4,0.9,1.5,5.5,7.1,0.1,0.9,0.2
DMHDS0834,0.7,0.8,1.0,1.0,1.3,1.4,3.8,0.8,1.0,5.9,5.5,0.5,0.3,0.7,0.8,1.8,1.2,1.1,1.0,1.0,4.4,0.6,0.6,4.1,7.2,0.1,0.4,0.3
DMHDS0391,1.0,1.9,1.1,1.2,1.5,0.7,5.0,1.6,1.8,4.8,5.7,0.4,1.3,0.3,1.0,1.7,1.3,1.1,0.9,0.8,8.9,1.0,1.3,5.0,7.4,0.4,0.3,0.2
DMHDS0588,0.9,0.8,0.7,1.0,1.1,1.0,3.5,1.0,1.0,3.7,5.1,0.4,0.1,0.4,0.6,0.9,0.9,0.9,0.7,0.6,3.6,0.6,0.9,3.8,5.8,0.2,0.2,0.3
DMHDS0828,1.0,0.9,0.9,1.0,1.0,0.8,4.1,0.9,0.9,3.8,6.4,0.6,0.1,0.5,0.8,1.4,0.9,1.0,0.9,0.7,3.7,0.7,0.6,4.0,6.0,0.7,0.1,0.1
DMHDS0794,1.4,1.6,1.1,0.8,1.6,1.2,6.8,1.1,1.5,5.9,8.6,0.4,0.2,0.6,0.7,2.0,1.3,0.9,1.0,1.0,4.4,1.0,1.5,5.7,8.9,0.3,0.5,0.2
DMHDS0512,0.6,1.0,0.7,1.1,0.6,0.5,2.9,1.0,1.7,4.8,6.1,0.3,0.2,0.3,0.6,1.2,0.8,0.9,0.8,0.6,4.6,1.1,1.2,4.0,4.9,0.2,0.1,0.1
DMHDS0759,1.1,2.1,1.3,1.1,1.0,0.9,5.1,1.3,1.0,5.9,9.1,0.5,0.3,0.7,0.5,1.3,1.2,1.4,1.0,0.8,4.7,0.8,1.5,5.0,8.0,0.5,0.2,0.1
DMHDS0559,0.6,0.7,0.9,1.1,1.1,0.9,6.5,1.4,2.0,3.7,6.0,0.4,0.8,0.6,0.8,1.2,0.9,0.7,1.6,0.5,3.4,0.9,1.2,3.5,6.2,0.3,1.1,0.2
DMHDS0846,0.7,0.7,1.1,0.6,1.2,0.8,4.8,1.1,1.3,4.7,7.0,0.4,0.1,0.2,0.6,0.9,1.9,0.9,0.9,0.9,4.8,0.8,0.9,5.2,7.5,0.4,0.2,0.1
DMHDS0836,0.9,1.5,1.2,0.8,1.2,1.1,3.7,1.1,0.7,3.8,5.2,0.2,0.1,0.7,0.6,1.0,1.0,0.6,0.6,0.8,3.2,0.8,1.1,3.4,6.6,0.3,0.6,0.2
DMHDS0837,1.2,1.1,1.5,0.7,1.3,0.9,5.7,2.2,1.9,6.2,8.0,0.4,1.1,0.4,1.1,1.2,1.4,1.1,1.7,0.9,5.3,1.5,1.4,6.0,8.2,0.3,0.7,0.3
DMHDS0754,1.1,1.4,0.7,1.2,1.3,0.6,4.5,1.1,1.4,4.0,7.7,0.3,0.2,0.6,0.9,1.3,0.8,1.1,0.7,0.3,3.8,0.8,0.8,5.3,7.2,0.3,0.1,0.2
DMHDS0815,1.0,1.5,1.1,1.0,1.4,0.6,4.7,1.4,1.3,8.2,8.1,0.9,0.3,0.5,0.7,1.5,1.2,1.2,0.8,0.8,4.3,1.2,2.0,9.5,8.1,0.5,0.6,0.3
DMHDS0760,0.6,1.2,0.9,0.6,1.3,0.8,4.0,1.5,1.6,4.6,6.6,0.6,1.4,0.9,0.6,1.6,1.0,0.8,1.1,0.5,3.5,0.7,1.0,3.4,5.1,0.3,0.1,0.3
DMHDS0851,1.1,0.9,2.8,0.9,1.0,1.0,4.0,1.6,1.1,3.3,5.6,0.6,0.6,0.9,0.5,0.8,1.0,0.9,0.7,0.4,3.4,0.8,1.0,3.3,5.0,0.2,0.7,0.3
DMHDS0856,0.7,1.6,1.3,1.2,1.7,0.9,3.4,1.2,1.2,6.3,7.3,0.4,0.1,0.4,0.7,1.2,1.0,1.2,1.0,1.0,4.0,0.7,1.2,6.3,6.1,0.3,0.1,0.2
DMHDS0747,0.7,0.9,1.1,1.0,0.9,0.8,4.7,1.1,0.9,4.9,6.4,0.7,0.1,0.4,0.6,1.3,1.1,1.1,0.4,0.7,3.2,0.6,0.7,5.8,7.7,0.2,0.1,0.4
DMHDS0841,0.7,0.7,0.6,0.6,0.8,0.5,3.7,1.0,0.8,3.9,6.0,0.6,0.1,0.1,0.5,1.1,0.9,0.6,0.6,0.3,3.9,0.6,1.3,2.8,6.6,0.3,0.1,0.1
DMHDS0725,0.7,1.1,1.0,1.2,0.9,0.7,3.4,1.1,1.6,7.7,8.7,0.8,0.1,0.6,0.3,0.8,0.8,1.3,0.5,0.4,4.8,1.3,1.0,7.1,8.5,0.3,0.1,0.2
DMHDS0867,0.7,1.1,1.2,0.9,1.1,1.0,4.2,1.0,1.0,4.3,7.5,0.8,0.1,0.4,0.6,1.0,0.9,0.7,0.6,0.6,4.1,0.9,1.1,4.0,6.9,0.1,0.2,0.3
DMHDS0825,0.7,0.9,1.1,1.1,1.0,1.0,3.7,0.8,0.8,5.3,5.9,0.3,0.5,0.2,0.7,1.7,1.3,1.3,0.8,1.0,3.5,1.0,1.5,5.1,7.2,0.4,0.2,0.7
DMHDS0853,1.1,1.5,1.0,1.1,1.8,1.0,5.1,2.2,1.7,4.5,7.8,0.7,0.2,0.2,0.8,1.3,1.2,1.1,1.4,0.7,4.9,2.0,0.8,5.0,7.4,0.5,0.2,0.3
DMHDS0835,0.7,1.3,0.9,1.2,1.0,0.7,4.3,2.0,1.6,5.4,8.0,0.6,1.1,0.2,0.7,1.2,1.2,1.0,0.8,0.8,4.6,0.8,1.4,7.0,8.0,0.2,0.4,0.1
DMHDS0866,1.1,1.4,1.1,0.8,1.5,0.8,4.9,1.0,1.1,5.5,5.9,0.6,0.2,0.1,0.6,1.0,0.8,0.6,1.0,0.6,4.6,0.5,0.8,6.5,8.1,0.4,0.2,0.4
DMHDS0831,0.9,1.3,1.3,1.1,1.0,1.1,4.1,1.1,2.2,5.0,7.2,0.5,0.9,0.4,0.8,1.4,1.1,1.0,0.7,0.5,3.0,0.8,0.8,4.8,7.2,0.3,0.3,0.3
DMHDS0819,1.1,0.7,0.7,0.7,1.0,0.7,3.0,1.3,1.1,5.6,5.6,0.7,0.6,0.1,0.6,1.0,0.8,0.7,0.7,0.3,3.6,0.5,0.8,4.7,7.3,0.3,1.0,0.2
DMHDS0876,1.0,1.1,1.0,0.7,1.2,0.6,4.8,1.7,1.2,5.0,7.8,0.6,0.2,0.5,0.9,1.4,1.1,1.0,1.0,0.9,6.6,0.6,0.9,4.4,7.6,0.4,1.1,0.3
DMHDS0826,0.9,1.6,1.0,0.8,1.7,0.8,3.7,1.5,1.1,3.1,7.2,0.4,0.5,0.9,0.6,1.1,1.1,0.9,0.7,0.7,3.8,0.8,0.8,4.3,7.1,0.3,0.6,0.3
DMHDS0895,1.2,1.8,1.4,1.1,1.1,0.9,6.1,1.8,1.8,6.8,9.0,0.6,0.5,0.9,0.9,1.6,1.3,1.8,0.6,0.7,4.0,1.1,1.0,6.6,9.6,0.7,0.3,0.2
DMHDS0874,0.9,1.3,1.1,1.0,1.0,0.6,4.2,1.5,1.5,4.1,5.1,0.4,0.2,0.4,0.9,1.5,1.1,1.4,0.9,0.6,3.8,0.8,1.4,4.5,6.2,0.4,0.3,0.2
DMHDS0893,0.9,1.1,1.0,0.8,1.1,0.6,4.3,1.9,3.0,4.9,7.8,0.4,0.1,0.3,0.5,1.1,1.1,1.1,0.9,0.8,4.4,1.0,1.9,4.3,8.4,0.2,0.2,0.2
DMHDS0871,1.2,1.1,1.1,0.7,1.1,0.7,4.5,1.9,1.8,5.6,6.2,0.6,0.2,1.4,1.0,1.5,1.3,0.8,1.2,0.8,4.6,1.0,1.3,3.9,6.8,0.4,0.2,0.2
DMHDS0840,0.9,1.3,1.2,0.8,0.9,0.9,4.3,1.3,0.9,5.7,7.1,0.7,0.1,0.3,0.8,1.5,1.5,1.1,1.1,0.8,3.9,0.7,0.9,5.6,7.2,0.2,0.2,0.2
DMHDS0811,0.3,0.9,0.8,0.9,0.9,0.3,3.7,2.0,1.3,4.6,6.3,0.6,0.1,0.5,0.6,1.3,1.0,0.9,0.8,0.8,3.5,0.9,1.2,4.3,6.7,0.2,0.4,0.1
DMHDS0752,1.0,1.1,1.0,1.0,1.2,0.7,3.7,1.0,0.9,3.3,5.2,0.6,0.2,0.2,0.6,1.0,0.8,0.7,0.8,0.6,4.3,1.1,0.9,3.3,4.9,0.2,0.3,0.4
DMHDS0823,0.6,1.1,1.4,1.0,1.3,1.1,5.1,1.4,1.2,4.7,6.3,0.5,1.5,0.8,0.7,1.4,1.5,1.5,0.9,1.0,4.1,0.7,1.0,4.6,7.1,0.1,0.3,0.4
DMHDS0912,0.8,1.6,0.8,1.4,1.0,1.1,3.9,1.5,1.5,3.4,5.4,0.6,0.1,0.2,1.0,1.5,1.0,1.0,0.9,0.7,4.0,0.8,1.2,4.9,6.4,0.4,0.2,0.6
DMHDS0869,1.4,1.4,1.1,1.3,1.1,0.9,5.6,1.4,1.6,4.7,6.2,0.5,0.2,0.4,1.1,1.7,1.4,1.1,1.1,0.8,4.6,0.9,1.4,4.3,7.1,0.2,0.2,0.3
DMHDS0596,0.7,0.7,1.0,0.7,1.0,1.1,3.4,0.9,0.9,3.6,6.1,0.5,0.2,0.7,0.7,0.8,1.0,0.5,1.1,0.7,3.1,0.7,0.7,4.3,6.8,0.2,0.3,0.3
DMHDS0917,0.3,0.8,0.8,0.6,1.1,0.5,3.7,1.5,1.3,3.4,6.5,0.4,0.1,0.4,0.2,0.8,0.6,1.1,0.9,0.4,3.9,0.5,1.5,4.4,6.9,0.3,0.3,0.2
DMHDS0916,0.9,0.9,1.2,0.9,1.3,0.8,3.8,1.1,2.1,5.4,6.1,0.4,0.1,0.3,0.6,1.5,1.2,1.1,0.7,1.0,3.8,1.0,1.4,6.4,5.8,0.1,0.2,0.2
DMHDS0909,1.0,0.7,0.7,0.6,0.7,0.5,4.0,1.0,1.0,4.8,5.7,0.2,0.9,0.3,0.7,0.9,0.8,0.7,0.4,0.5,3.3,0.7,1.0,4.9,5.9,0.3,0.2,0.2
DMHDS0910,1.1,1.0,1.2,0.8,0.8,0.6,5.4,1.0,1.2,5.9,8.1,0.4,0.2,0.3,0.5,1.2,0.8,0.8,0.5,0.5,3.6,1.3,1.0,5.6,8.6,0.3,0.1,0.2
DMHDS0888,1.2,1.2,1.2,1.1,1.4,1.0,5.1,1.2,1.0,3.6,5.4,0.5,0.2,0.3,0.7,1.1,1.2,0.9,1.2,1.1,5.1,0.7,1.1,5.3,6.0,0.4,0.3,0.2
DMHDS0859,0.8,0.7,1.3,0.8,0.7,0.8,3.6,1.2,1.4,5.5,8.3,0.6,0.1,0.4,0.6,0.8,1.2,0.8,1.0,0.5,3.7,1.0,1.1,5.4,7.8,0.3,0.1,0.7
DMHDS0933,0.5,0.7,1.0,0.9,0.8,0.6,3.9,3.2,1.4,5.7,6.2,0.5,0.3,0.2,0.4,0.8,1.2,1.2,0.7,0.8,4.4,0.8,1.4,5.3,7.9,0.2,0.2,0.2
DMHDS0922,1.3,1.1,1.1,1.0,0.9,1.1,5.3,1.4,1.6,4.9,7.3,0.5,0.3,1.2,0.9,1.4,1.1,1.3,0.8,0.6,4.5,1.1,1.8,5.2,7.9,0.3,0.4,0.2
DMHDS0765,1.0,1.6,1.2,0.8,1.3,0.8,5.3,1.0,1.3,5.3,8.3,0.5,0.1,0.4,0.8,1.0,1.1,0.9,1.1,0.6,4.2,0.8,1.0,5.6,7.7,0.4,0.3,0.3
DMHDS0852,0.9,1.1,1.0,1.1,1.3,0.9,5.1,1.3,1.7,3.9,6.4,0.7,1.0,1.1,0.6,1.1,1.0,0.7,1.1,0.6,4.7,1.0,0.8,4.4,7.1,0.4,0.2,0.2
DMHDS0623,0.7,0.8,1.0,0.9,1.0,0.8,3.8,0.9,1.0,4.8,6.7,0.6,0.1,0.3,0.6,0.9,0.9,0.6,0.7,1.2,3.4,0.7,0.9,4.9,6.6,0.4,0.3,0.7
DMHDS0930,0.8,1.2,0.7,0.6,0.9,0.5,4.5,1.5,1.3,4.2,7.0,0.5,0.1,0.4,0.6,0.5,0.7,0.9,0.9,0.5,4.5,1.4,1.2,4.3,7.0,0.5,0.1,0.2
DMHDS0707,1.3,1.0,1.1,0.9,0.8,0.7,4.1,1.6,1.5,6.1,7.4,0.8,0.5,1.2,0.9,1.9,1.0,1.0,1.0,1.1,4.0,0.8,1.2,4.6,8.6,0.3,0.2,1.6
DMHDS0948,1.2,1.8,1.0,0.8,1.7,0.8,4.4,2.5,2.0,8.1,7.6,0.7,0.2,0.2,0.5,1.0,1.2,0.9,1.1,0.6,4.1,1.3,1.7,7.7,8.5,0.5,0.5,1.0
DMHDS0769,0.7,0.9,1.2,1.1,1.1,0.7,3.7,1.7,1.4,5.2,5.8,0.7,0.2,0.9,0.6,0.8,1.2,0.9,0.8,0.8,3.3,1.2,1.0,4.5,6.0,0.2,0.1,0.1
DMHDS0757,1.1,1.3,1.1,1.3,1.2,0.9,5.0,1.3,0.9,3.2,5.2,0.6,0.2,0.5,0.8,1.3,0.8,0.8,0.9,0.6,4.0,0.7,1.7,4.0,6.4,0.2,0.7,0.4
DMHDS0849,0.9,0.9,0.9,0.5,0.5,0.5,3.2,0.9,0.8,5.7,6.4,0.3,0.1,0.1,0.7,0.9,1.0,0.7,0.6,0.4,3.2,0.4,0.6,6.2,7.7,0.3,0.2,0.1
DMHDS0684,1.5,1.8,1.4,1.3,2.1,1.4,5.8,1.9,1.3,5.8,9.0,0.7,0.1,0.3,0.7,1.6,1.7,1.5,1.2,1.5,5.3,1.4,1.1,5.4,7.9,0.4,0.2,0.2
DMHDS0798,1.1,1.7,1.3,1.4,1.4,1.8,5.7,1.6,1.3,6.5,8.4,0.6,0.2,0.1,0.9,2.3,1.2,1.4,1.3,1.1,5.5,0.9,1.4,6.9,8.6,0.2,0.3,0.2
DMHDS0691,1.2,1.6,1.0,0.6,1.1,0.5,4.1,1.6,1.4,4.5,7.7,0.5,0.2,0.1,1.3,1.7,1.2,0.8,1.0,0.4,4.2,0.8,1.2,5.5,9.1,0.4,0.3,0.2
DMHDS0850,0.8,1.0,0.9,0.8,1.1,1.5,4.1,0.8,0.9,3.2,5.3,0.4,0.5,0.6,0.5,1.3,0.9,0.8,0.9,0.6,3.7,0.5,1.1,3.7,6.0,0.2,0.3,0.2
DMHDS0965,0.6,0.9,0.9,0.6,0.9,0.4,3.6,0.9,1.4,5.9,6.3,0.6,2.1,0.1,0.1,0.7,0.5,0.4,0.7,0.3,2.6,0.8,1.1,6.7,8.0,0.2,0.2,0.2
DMHDS0969,0.9,1.2,1.1,0.9,1.1,0.9,4.6,1.3,1.5,4.2,6.2,0.5,0.3,0.2,0.9,1.6,1.3,1.2,0.7,0.6,4.1,1.0,1.6,4.9,7.0,0.2,0.3,0.2
DMHDS0799,1.3,1.0,0.7,1.1,1.3,0.7,3.8,1.1,1.3,6.2,6.5,0.5,0.1,0.1,1.0,1.4,0.9,1.4,1.6,0.6,4.6,0.8,1.2,4.6,6.3,0.4,0.2,0.2
DMHDS0980,1.0,1.3,0.8,1.0,0.9,0.7,4.7,1.2,1.7,5.8,7.6,0.5,1.0,0.5,0.8,0.9,1.1,1.3,1.0,0.7,5.8,0.9,1.0,4.9,8.1,0.3,0.2,0.2
DMHDS0908,0.8,1.0,0.9,0.8,0.9,0.7,3.6,1.0,1.3,3.7,5.9,0.2,0.2,0.3,0.6,1.0,1.0,0.6,0.4,0.5,3.1,0.8,1.1,4.1,5.5,0.3,0.4,0.2
DMHDS0943,1.0,1.1,1.0,0.7,1.2,0.7,4.6,1.7,1.4,5.4,5.1,0.5,0.5,0.6,0.8,1.1,1.4,1.2,0.8,0.9,4.8,0.7,1.0,5.5,7.4,0.2,1.2,0.2
DMHDS0986,0.9,1.5,1.4,1.4,3.2,1.1,6.9,1.3,1.2,5.0,8.1,0.5,0.3,0.4,0.9,1.4,1.4,1.5,2.0,1.6,6.7,1.1,1.3,4.4,7.5,0.2,0.3,0.2
DMHDS0848,1.2,1.5,0.9,0.9,1.2,0.6,4.4,1.0,1.1,3.4,5.8,0.5,0.4,0.9,0.6,1.2,0.8,0.6,1.0,0.6,4.1,0.6,0.8,4.8,7.7,0.5,0.4,0.2
DMHDS0937,1.2,1.1,0.9,1.0,0.9,0.5,4.5,1.0,1.6,4.8,6.2,0.4,0.2,0.5,1.1,1.0,0.9,0.9,0.8,0.4,4.0,0.8,2.0,4.7,6.6,0.3,0.3,0.5
DMHDS0989,0.5,1.0,0.9,0.9,1.3,0.7,4.2,1.2,0.9,3.8,5.9,0.3,0.1,0.2,0.5,0.8,0.9,0.8,0.6,0.6,3.5,0.7,1.1,6.1,6.6,0.2,0.2,0.1
DMHDS0944,1.0,1.3,1.3,0.9,1.2,1.0,3.5,1.1,1.7,5.0,8.1,0.7,0.1,1.0,0.9,1.5,1.1,0.9,1.0,0.6,4.1,1.3,1.3,4.2,7.9,0.3,0.3,0.2
DMHDS1001,0.7,1.4,1.2,1.3,1.8,1.3,6.9,1.4,1.4,6.0,8.0,0.8,0.3,0.6,0.6,1.5,1.3,1.0,1.0,0.8,6.5,1.0,1.0,4.8,7.2,0.4,0.3,1.1
DMHDS0745,0.8,1.2,1.1,1.1,1.2,1.0,5.3,1.3,1.3,8.1,8.7,0.6,0.2,0.6,0.7,1.2,1.5,1.1,0.8,0.6,6.8,0.8,1.6,5.4,8.1,0.4,0.3,0.2
DMHDS0962,1.4,1.3,1.8,1.0,2.2,1.2,9.1,1.7,1.4,4.8,7.7,1.0,0.6,0.7,0.8,2.4,1.7,1.2,1.6,1.3,8.6,1.1,1.5,5.8,8.3,0.4,0.7,0.3
DMHDS0964,0.7,0.6,1.0,0.9,1.0,0.6,4.3,1.2,1.3,4.0,6.3,0.5,0.1,0.3,0.7,0.8,0.9,0.7,0.8,0.5,3.6,0.8,1.3,4.5,6.7,0.4,0.2,0.6
DMHDS1004,1.1,0.7,1.0,0.7,1.1,0.8,4.2,1.4,1.2,4.1,6.4,0.5,0.1,0.3,1.0,1.3,1.0,0.9,0.6,0.6,5.1,0.7,1.3,3.9,5.4,0.3,0.2,0.2
DMHDS0945,1.1,3.0,1.2,1.1,2.2,1.1,8.2,1.4,1.1,6.2,7.7,0.9,1.0,0.3,0.7,1.4,1.4,1.7,1.3,1.3,7.8,1.0,1.3,5.5,8.2,0.3,1.1,0.6
DMHDS0927,1.1,1.6,1.2,1.1,0.9,0.8,5.3,1.3,1.6,5.3,8.4,0.3,0.5,0.9,0.9,1.2,1.2,1.1,0.9,0.9,4.9,1.1,1.0,4.8,8.1,0.3,1.0,1.3
DMHDS0830,0.8,1.3,1.2,1.0,1.2,1.2,5.1,1.1,1.0,6.0,6.9,0.5,0.1,0.3,0.7,1.5,1.2,1.4,0.9,0.7,4.9,0.9,1.1,6.5,7.0,0.2,0.2,0.1
DMHDS0984,1.0,1.0,1.3,1.1,0.8,0.8,3.7,1.2,1.8,4.5,6.6,0.6,0.3,0.1,0.7,1.3,0.8,0.8,0.6,0.5,3.1,0.7,1.2,5.4,6.9,0.5,0.2,0.1
DMHDS0951,0.9,1.2,1.2,1.1,1.2,1.2,3.5,1.5,0.8,5.7,6.5,0.5,0.2,0.9,0.5,1.5,1.3,1.2,0.8,0.8,3.8,0.7,0.7,4.5,7.1,0.4,0.4,0.2
DMHDS0973,0.6,0.9,0.8,1.1,1.2,0.9,3.3,1.5,1.2,7.0,6.8,0.4,0.3,0.1,0.4,0.8,1.0,1.0,0.7,1.4,4.0,0.6,1.1,5.8,6.9,0.4,0.2,0.1
DMHDS1025,0.9,1.2,0.8,0.8,0.7,0.6,3.9,0.8,1.1,4.8,6.3,0.4,0.2,0.2,0.8,1.0,1.0,0.9,1.1,0.5,4.1,0.7,0.9,4.6,7.2,0.1,0.6,0.2
DMHDS1024,0.9,1.8,2.2,0.9,1.6,1.1,6.0,1.8,1.3,5.3,7.0,0.5,0.6,0.2,1.0,1.7,1.5,1.1,0.9,0.6,5.3,1.0,0.9,5.9,7.3,0.2,1.3,0.4
DMHDS0923,0.6,0.7,1.1,0.7,0.9,0.6,3.6,1.6,1.2,4.6,6.1,0.4,0.1,0.3,0.8,1.2,1.1,1.2,0.9,0.7,3.3,0.7,0.8,5.4,5.7,0.2,0.9,0.2
DMHDS0809,0.8,1.2,1.0,0.9,1.8,0.8,4.3,1.4,1.4,4.1,6.4,0.4,0.1,0.5,0.8,1.0,1.2,1.1,1.1,0.7,4.5,1.2,1.1,4.5,6.8,0.3,0.6,0.1
DMHDS0949,0.8,0.8,0.6,0.7,1.0,0.7,3.4,1.2,1.1,4.5,8.3,0.3,0.1,0.3,0.5,0.9,0.7,0.6,1.0,0.7,4.0,0.5,1.3,4.4,7.6,0.4,0.8,0.1
DMHDS1029,0.9,2.0,1.3,1.1,1.2,0.8,5.6,1.7,1.9,5.5,9.1,0.4,1.5,0.1,0.7,1.4,1.4,1.1,0.5,0.9,5.8,0.9,1.4,6.7,8.8,0.6,0.3,0.1
DMHDS1028,1.2,1.7,1.1,0.9,1.4,0.8,4.2,1.2,1.5,7.4,8.8,0.6,0.1,0.1,0.8,1.4,1.8,1.1,1.1,0.9,3.8,0.7,0.9,7.4,8.4,0.4,0.3,0.2
DMHDS1019,0.8,1.1,1.0,1.1,1.3,0.9,3.5,1.1,0.7,4.6,7.0,0.4,0.2,0.2,0.5,1.5,1.0,0.9,1.0,0.9,4.2,0.8,0.8,3.6,6.5,0.2,0.2,0.1
DMHDS1051,0.7,1.2,0.9,1.5,2.0,1.6,4.1,1.7,2.3,7.2,9.2,0.7,0.2,0.6,0.7,2.0,1.0,1.6,0.8,0.6,4.5,1.4,2.1,4.2,3.9,0.4,0.3,0.3
DMHDS1046,0.7,1.0,1.1,1.1,1.0,1.3,3.7,1.5,1.7,3.3,5.6,0.5,0.1,0.6,0.5,1.1,1.1,1.0,1.1,0.7,3.5,0.9,0.8,3.5,5.1,0.3,0.2,0.1
DMHDS1040,0.9,1.5,1.2,1.3,1.2,0.7,4.7,1.7,1.2,4.4,6.3,0.7,0.3,0.7,0.8,1.8,1.3,1.0,1.2,0.6,4.1,1.0,1.5,4.2,6.1,0.4,0.2,0.2
DMHDS1044,0.8,1.3,1.1,1.0,1.0,0.8,3.6,0.9,1.1,5.5,8.8,0.5,0.3,0.2,0.7,1.3,1.1,0.9,0.8,0.6,4.3,0.8,1.2,5.7,7.5,0.3,0.1,0.2
DMHDS1053,0.9,0.9,1.3,0.8,0.9,0.9,3.4,1.3,0.9,4.8,5.6,0.3,0.2,0.6,0.9,1.1,0.9,0.9,0.9,0.9,3.5,0.5,0.8,4.5,7.1,0.3,0.1,0.1
DMHDS0902,0.8,0.9,1.3,0.7,1.2,0.9,3.8,1.1,1.1,5.6,6.3,0.4,0.2,0.3,1.1,1.1,1.5,0.9,0.5,0.6,3.4,0.9,1.1,5.6,7.6,0.3,0.2,0.3
DMHDS0780,0.7,1.3,1.0,0.9,1.0,0.8,4.2,1.2,1.0,4.3,6.7,0.4,0.4,0.1,0.8,1.2,1.1,0.7,0.7,0.6,3.5,0.8,1.3,4.5,6.0,0.5,1.5,0.1
DMHDS0847,1.1,0.8,1.0,0.9,1.6,0.7,4.4,1.2,1.4,6.2,7.9,0.6,0.2,0.5,0.7,1.4,1.2,0.9,0.8,0.7,4.0,0.7,1.1,5.3,7.7,0.3,0.2,0.3
DMHDS0974,0.8,1.1,0.9,0.7,2.0,0.9,4.5,1.0,1.1,4.6,6.5,0.5,0.6,0.5,0.6,1.2,0.9,0.9,0.8,0.9,4.2,1.0,1.2,4.2,6.7,0.2,0.6,0.3
DMHDS0901,0.9,1.2,1.0,0.9,0.8,0.7,3.5,1.3,1.5,3.5,5.7,0.4,0.1,0.2,0.8,1.4,1.2,0.9,0.5,0.9,3.2,0.8,1.2,4.3,7.2,0.3,0.5,0.3
DMHDS0889,0.8,0.5,0.9,0.6,1.3,0.5,5.0,1.2,1.3,4.3,6.2,0.4,0.1,0.1,0.6,0.9,1.2,0.8,1.2,0.5,4.7,0.5,1.2,4.4,6.2,0.4,0.2,0.2
DMHDS1070,0.6,1.2,1.1,1.1,0.9,1.0,3.7,1.1,1.7,5.0,6.2,0.3,0.1,0.5,0.7,1.1,1.0,1.0,1.0,0.6,4.2,0.9,1.4,3.9,6.7,0.3,0.2,0.2
DMHDS1074,1.2,1.6,1.3,1.0,1.0,0.8,4.8,1.7,1.3,8.9,9.0,0.5,0.2,0.3,0.7,1.4,1.1,1.1,1.1,0.9,4.5,0.9,1.1,8.2,10.1,0.2,0.4,0.2
DMHDS0976,0.8,1.1,1.1,0.8,1.1,0.7,4.3,0.9,1.5,5.3,6.4,0.5,0.1,0.2,0.9,1.0,1.0,0.8,0.6,0.6,3.8,0.9,1.1,6.3,8.3,0.3,0.2,0.4
DMHDS1089,0.7,1.0,0.9,0.9,1.0,0.6,4.0,1.2,1.0,3.8,6.0,0.2,1.5,0.5,0.4,0.7,0.8,0.9,0.9,0.5,3.5,0.7,1.0,4.0,5.6,0.4,0.3,0.6
DMHDS1083,1.1,1.4,1.2,1.0,1.1,1.1,3.7,1.0,1.8,5.4,6.3,0.6,0.2,0.4,0.7,1.5,1.4,0.8,0.7,0.9,3.7,1.0,1.0,5.1,6.5,0.2,0.3,0.1
DMHDS1063,0.9,1.5,1.0,1.2,0.9,0.9,4.5,1.5,1.2,4.5,6.4,0.4,0.3,0.1,0.5,1.5,1.0,0.7,1.1,0.5,3.9,0.6,0.9,5.4,6.3,0.4,0.3,0.2
DMHDS1007,0.7,1.2,2.2,0.8,1.0,0.8,3.8,0.9,1.0,3.9,5.3,0.4,0.2,0.3,0.9,1.1,0.8,0.8,0.8,0.5,2.9,0.6,0.8,3.0,4.2,0.3,0.2,0.2
DMHDS0900,1.0,1.0,1.0,0.7,1.6,0.8,5.0,1.6,1.2,4.4,6.5,0.6,0.2,0.3,1.0,1.2,1.0,0.8,1.1,0.5,5.1,0.7,1.4,5.3,7.6,0.2,0.2,0.2
DMHDS1112,0.9,1.1,0.7,1.1,1.0,0.8,4.2,1.3,1.3,4.6,6.3,0.4,0.2,0.4,0.7,1.4,1.1,1.0,0.7,0.7,3.8,0.7,0.8,4.0,6.8,0.2,0.1,0.2
DMHDS1113,0.7,1.2,1.0,0.9,1.4,0.8,4.3,1.3,1.4,4.7,7.7,0.5,0.1,0.4,0.8,1.5,1.2,1.1,0.8,0.7,4.8,1.2,1.4,4.8,7.3,0.3,0.2,0.3
DMHDS1109,1.0,1.5,0.7,1.2,1.0,0.7,4.7,1.0,1.4,4.9,7.2,0.4,0.2,0.1,1.6,0.8,1.8,1.3,1.1,1.6,10.5,1.0,0.9,5.3,7.2,0.5,0.2,0.2
DMHDS1042,1.0,0.9,1.1,0.9,1.2,1.3,5.1,1.5,1.7,5.3,7.7,0.4,1.7,0.4,0.7,1.7,1.1,1.0,0.9,1.1,5.3,1.0,1.2,6.2,7.2,0.2,0.3,0.2
DMHDS1101,1.2,1.8,1.2,1.0,1.5,1.2,4.6,1.5,1.1,5.4,6.0,0.7,0.2,0.1,0.9,1.0,1.4,1.2,0.7,0.8,3.5,1.1,1.6,5.2,7.3,0.2,0.2,0.1
DMHDS1091,1.1,0.5,0.6,0.5,0.5,0.4,2.9,1.1,1.0,3.0,3.9,0.3,0.6,0.1,0.5,0.5,0.8,0.6,0.4,0.4,3.1,1.0,0.9,2.9,4.6,0.4,0.2,0.3
DMHDS0818,0.9,1.2,1.2,0.7,1.3,1.0,4.9,1.3,1.6,2.6,4.1,0.3,1.0,0.2,0.8,1.3,1.0,1.1,0.9,1.0,4.2,1.1,1.4,3.6,4.9,0.3,0.1,0.1
DMHDS1118,0.8,1.1,1.0,0.9,0.8,0.5,3.6,1.3,1.0,3.8,6.0,0.6,0.1,0.4,0.6,0.8,0.9,0.8,0.6,0.5,3.2,0.9,1.3,3.6,6.5,0.5,0.1,0.8
DMHDS1135,0.7,1.8,1.1,0.9,0.9,0.7,4.6,1.0,1.3,4.3,6.5,0.4,0.1,0.3,0.5,0.9,1.0,0.9,0.8,0.5,3.6,0.6,1.2,5.2,6.7,0.3,0.2,0.1
DMHDS0975,1.0,1.2,1.0,0.9,1.1,0.8,4.0,1.3,1.0,5.4,6.3,0.3,0.1,0.5,0.9,0.7,0.8,1.1,0.6,0.7,3.7,0.9,0.7,5.4,6.8,0.2,0.8,0.3
DMHDS1017,0.9,1.4,1.1,0.9,1.0,0.7,4.0,1.1,1.4,5.0,7.6,0.8,0.3,1.0,0.7,1.7,1.1,1.1,1.0,0.7,4.7,1.1,1.2,4.3,8.1,0.3,0.3,0.1
DMHDS1122,0.8,1.5,1.1,1.8,0.8,0.8,4.3,1.4,1.5,4.8,7.7,0.2,0.7,0.2,0.5,0.9,1.0,1.1,0.6,0.5,4.1,1.0,1.1,4.1,6.2,0.3,0.7,0.3
DMHDS1138,0.8,1.4,1.0,1.4,1.0,1.1,3.5,0.6,1.0,3.2,5.7,0.8,0.1,0.2,0.6,1.2,1.1,0.7,0.7,0.6,2.8,0.5,1.0,4.6,6.6,0.4,0.6,0.3
DMHDS1150,1.0,1.4,1.1,0.9,1.3,0.9,4.7,1.9,1.0,4.2,7.4,0.3,0.9,0.6,1.0,1.3,1.1,1.0,0.8,0.5,3.9,1.0,1.3,6.3,8.2,0.2,0.5,0.8
DMHDS1043,0.5,0.6,0.7,0.7,0.8,0.6,4.6,1.7,1.8,5.3,8.3,0.3,0.2,0.7,0.5,1.0,0.9,1.0,0.8,0.6,3.7,0.5,0.8,5.6,7.9,0.4,0.5,1.0
DMHDS1137,1.0,1.4,0.9,0.7,0.8,0.8,4.2,1.4,0.9,4.6,7.1,0.5,0.2,0.4,0.8,1.6,1.1,1.3,0.7,0.5,3.4,0.7,1.2,4.5,8.6,0.2,0.2,0.2
DMHDS1174,0.7,1.1,1.0,0.8,1.3,0.4,3.9,1.6,1.5,3.8,5.9,0.3,0.8,0.1,0.5,1.0,1.1,0.8,0.9,0.4,4.2,0.8,1.0,4.4,6.5,0.2,0.2,0.1
DMHDS1134,0.7,0.9,0.9,0.8,1.1,0.5,4.5,1.2,1.4,4.0,5.6,0.5,0.2,0.2,0.7,1.0,0.9,0.6,0.9,0.6,3.9,0.7,1.0,4.5,7.5,0.3,0.2,0.2
DMHDS1055,1.1,1.0,1.2,0.7,0.8,0.9,3.5,1.3,1.2,5.6,6.3,0.6,0.2,0.6,0.8,1.3,1.2,0.6,0.8,0.7,4.1,1.3,1.3,5.6,8.0,0.5,0.3,0.2
DMHDS1155,1.2,1.7,1.4,0.8,1.4,0.9,5.4,1.8,1.8,6.0,8.2,0.8,0.4,0.4,1.0,2.3,1.0,0.8,1.2,0.6,5.1,1.0,1.3,6.4,8.4,0.3,0.3,0.7
DMHDS0934,0.7,1.2,1.3,0.8,1.6,1.4,4.2,2.0,1.8,4.6,5.5,0.5,0.1,0.2,0.6,0.9,0.8,0.7,0.8,0.5,4.0,0.8,1.2,4.7,5.9,0.5,0.3,0.1
DMHDS1166,0.9,1.3,1.0,0.8,1.0,0.8,3.6,1.8,1.5,5.4,7.4,0.6,0.2,0.2,0.7,0.7,0.9,1.0,0.8,0.6,3.8,1.2,1.2,5.2,8.3,0.2,0.9,0.1
DMHDS1006,0.8,1.5,1.0,1.5,1.1,0.7,4.8,1.2,1.2,3.5,6.8,0.3,0.2,0.3,0.6,1.4,1.1,0.8,0.8,0.8,4.0,1.2,1.1,4.1,5.7,0.2,0.1,0.3
DMHDS1168,0.9,1.1,1.2,1.0,0.9,0.7,4.5,1.3,1.6,4.8,7.4,0.7,0.3,0.4,0.9,1.2,1.2,0.9,1.2,0.8,4.0,0.9,1.5,5.0,6.6,0.4,0.2,0.4
DMHDS1193,1.0,1.0,1.1,0.8,1.0,0.6,4.1,1.1,0.9,4.8,7.1,0.5,0.3,0.7,0.8,0.7,1.0,0.8,1.1,0.4,3.9,0.6,1.0,4.6,8.3,0.3,0.2,0.3
DMHDS0350,1.2,1.3,1.1,1.1,1.5,1.1,6.2,1.3,1.1,5.6,6.8,0.8,0.2,0.4,1.2,1.5,1.2,1.0,1.1,1.4,5.9,1.1,1.5,6.0,9.4,0.3,1.1,0.1
DMHDS1185,0.8,1.1,0.9,0.9,1.6,1.1,4.7,1.1,1.2,5.7,6.9,0.4,0.1,0.4,0.7,1.5,1.6,0.8,1.0,0.9,3.8,0.8,1.0,6.0,7.7,0.2,0.4,0.2
DMHDS1192,0.7,1.1,1.0,0.7,1.3,0.6,3.2,1.3,1.3,5.1,6.9,0.5,0.2,0.1,0.7,1.2,1.0,0.6,0.8,0.5,2.7,0.9,1.3,6.1,6.9,0.2,0.2,0.2
DMHDS0921,1.2,1.4,1.4,1.1,1.3,1.1,6.0,1.6,1.8,5.3,6.5,0.6,0.2,0.4,1.0,1.3,1.3,0.8,1.1,0.6,5.2,0.9,1.3,6.0,8.0,0.5,0.3,0.3
DMHDS1058,0.6,1.0,1.0,0.7,0.7,0.8,3.5,1.3,0.9,5.0,5.5,0.5,0.5,0.1,0.5,0.6,1.0,0.7,0.5,0.6,3.5,0.9,0.9,4.7,7.1,0.2,0.1,0.1
DMHDS1206,0.6,0.9,0.9,0.4,1.0,0.6,3.4,1.1,1.6,4.9,6.9,0.4,0.2,0.3,0.5,1.3,0.9,1.1,0.9,0.7,3.9,0.9,1.0,5.0,6.2,0.2,0.1,0.2
DMHDS1194,1.0,1.5,1.2,0.7,1.0,0.8,4.8,1.1,1.9,4.3,7.3,0.6,0.4,0.3,1.0,1.4,1.1,1.0,1.2,0.5,4.8,1.1,1.3,3.9,6.7,0.2,0.3,0.3
DMHDS1190,0.8,1.0,0.9,0.8,1.4,0.8,5.7,1.2,1.0,4.3,7.0,0.5,0.1,0.3,0.8,1.7,1.0,1.2,1.0,0.7,4.8,0.6,0.8,4.2,8.0,0.5,0.2,0.1
DMHDS1208,1.0,0.9,0.9,0.6,0.9,0.8,3.1,0.8,1.0,3.7,6.0,0.7,0.3,0.3,0.3,1.2,0.6,1.0,1.0,0.6,4.8,1.0,1.1,4.4,6.5,0.2,1.7,0.3
DMHDS1060,0.8,0.9,1.1,1.1,1.0,1.0,4.6,1.1,1.1,4.3,6.2,0.5,0.8,0.3,0.7,1.1,1.0,0.7,0.8,0.5,3.2,0.8,0.8,3.4,7.6,0.2,0.9,0.1
DMHDS1114,1.0,0.8,1.0,1.0,1.0,0.7,4.4,1.9,1.6,4.5,5.4,0.4,0.3,0.4,1.0,1.6,0.8,1.1,1.0,0.7,3.9,1.0,0.9,3.6,6.7,0.5,1.2,0.1
DMHDS0987,0.6,1.0,1.1,0.8,1.2,1.0,3.7,1.3,1.3,5.0,7.4,0.4,0.1,0.1,0.5,1.1,1.0,0.7,0.6,0.4,3.7,0.9,2.0,6.1,7.7,0.4,0.2,0.2
DMHDS0942,0.7,1.4,1.2,0.7,1.3,0.7,4.3,1.5,1.1,4.2,7.1,0.6,0.3,0.5,0.5,1.4,1.0,0.9,0.9,0.7,4.2,0.9,1.1,4.1,7.1,0.3,0.3,0.3
DMHDS1037,0.7,0.7,1.0,1.1,0.9,0.7,3.3,1.2,1.0,4.7,6.5,0.5,0.2,0.2,0.6,1.2,0.8,0.9,0.6,0.5,3.1,0.9,0.9,4.9,6.8,0.2,0.3,0.1
DMHDS1224,1.3,1.7,1.0,0.9,1.5,1.0,4.7,1.6,1.1,4.1,7.6,0.8,0.3,0.2,0.9,1.7,1.2,1.1,0.9,0.8,5.1,1.0,1.0,4.8,8.0,0.4,1.2,0.9
DMHDS1191,0.8,1.2,0.8,0.7,0.9,0.6,3.8,1.0,1.6,3.3,4.7,0.4,0.1,0.2,0.7,0.8,0.8,0.6,0.9,0.4,3.7,0.9,1.0,3.0,5.4,0.4,0.2,0.4
DMHDS1214,0.7,1.3,1.2,1.0,1.3,0.9,4.4,1.7,1.6,6.8,6.4,0.5,0.3,0.5,0.7,1.1,1.4,1.2,0.9,1.0,4.8,0.6,1.1,6.2,8.0,0.5,0.4,0.5
DMHDS1231,0.7,0.6,1.1,0.8,1.4,0.9,3.9,1.1,1.0,3.1,6.5,0.3,0.2,0.2,0.6,1.9,1.1,1.2,0.5,0.9,4.7,1.0,1.3,3.2,4.9,0.1,0.2,0.1
DMHDS0961,1.4,1.4,1.4,0.9,1.5,1.2,5.0,2.9,1.8,6.4,6.7,0.7,1.6,0.1,1.6,1.7,1.1,0.9,1.0,0.7,5.1,0.8,1.2,6.2,9.5,0.3,0.7,0.2
DMHDS0924,0.9,0.9,1.2,1.2,1.3,0.8,5.8,1.5,1.4,5.4,7.7,0.5,0.3,1.7,1.0,1.4,1.1,1.0,1.4,1.0,5.3,1.3,1.0,7.2,7.5,0.1,2.5,0.3
DMHDS1178,1.0,1.6,1.2,1.1,1.3,0.8,4.4,1.6,1.6,5.2,7.5,0.4,0.1,0.1,0.9,2.0,1.1,1.2,0.9,0.6,4.7,1.0,2.0,3.7,7.5,0.2,0.2,0.1
DMHDS0988,1.0,1.9,1.2,0.9,1.4,0.9,4.3,1.3,0.9,5.2,6.5,0.4,0.1,0.1,1.9,1.2,1.0,0.8,1.3,0.7,5.0,0.9,1.1,4.3,7.3,0.3,0.3,0.2
DMHDS1102,0.7,1.3,1.1,0.8,1.1,0.8,3.6,1.3,1.8,3.4,5.3,0.6,0.1,0.5,0.7,0.9,1.1,0.9,0.8,0.7,3.8,0.7,1.4,3.3,6.3,0.3,0.3,0.1
DMHDS1209,0.6,1.2,1.1,1.0,0.9,0.6,4.0,1.6,1.3,5.7,6.6,0.4,0.1,0.6,0.7,1.2,0.8,1.1,0.6,0.8,3.9,0.8,1.3,6.5,7.0,0.2,0.2,0.1
DMHDS1195,1.5,0.9,1.1,1.1,1.3,0.8,3.5,1.1,1.8,5.4,7.7,0.6,0.3,0.3,1.0,1.4,0.8,1.2,0.7,0.8,4.3,0.7,1.3,6.1,8.3,0.4,0.3,0.2
DMHDS1110,0.7,0.8,0.9,0.7,1.3,0.6,3.2,1.2,1.6,5.1,6.7,0.4,0.7,0.4,0.4,1.1,0.8,0.6,0.6,0.4,3.5,1.0,1.6,5.4,7.0,0.1,0.2,0.2
DMHDS0985,1.1,0.9,1.1,0.6,2.3,0.8,5.0,1.4,1.8,5.9,8.7,0.5,0.5,0.7,0.7,1.7,1.2,0.9,1.6,0.9,4.2,0.6,1.0,5.9,9.5,0.2,0.6,0.4
DMHDS1176,1.2,1.4,1.1,0.6,0.8,1.0,4.4,1.1,1.0,5.8,6.8,0.6,1.4,0.2,0.8,0.9,1.0,0.7,0.8,0.5,4.7,0.7,1.1,4.7,8.3,0.2,0.3,0.2
DMHDS1237,0.5,0.7,1.0,0.7,1.0,1.0,4.8,1.3,0.9,3.9,6.3,0.7,0.1,0.3,0.6,0.8,0.9,0.8,0.8,0.6,4.5,0.8,0.9,3.8,6.0,0.3,0.1,0.2
DMHDS1162,0.7,1.2,1.1,1.0,0.8,1.3,4.6,1.8,1.5,4.6,6.0,0.4,0.3,0.8,1.1,1.9,0.9,1.4,1.0,0.7,4.4,0.6,1.5,4.5,7.3,0.5,0.3,0.2
DMHDS1211,1.0,1.7,1.2,1.0,0.7,0.8,3.5,0.9,1.0,7.8,10.2,0.6,0.1,0.1,0.7,1.1,1.1,1.2,0.6,0.7,3.9,0.8,1.1,8.6,11.9,0.5,0.2,0.3
DMHDS1204,1.5,1.8,1.3,1.5,1.6,0.9,6.0,2.0,1.6,7.6,9.6,0.3,0.5,0.5,0.8,1.6,1.3,1.0,1.1,1.2,4.8,1.3,1.5,8.2,8.8,0.3,1.2,0.8
DMHDS1223,0.6,0.6,0.9,0.9,1.0,0.4,4.3,1.6,1.7,5.5,8.6,0.6,0.2,0.8,0.8,1.4,1.1,1.0,0.5,0.8,4.1,0.8,1.6,6.1,9.5,0.4,0.7,0.8
DMHDS1157,0.8,1.4,1.0,0.8,0.7,0.6,4.2,1.0,1.1,5.0,5.7,0.4,0.3,0.4,1.0,1.4,0.9,0.8,0.8,0.4,4.0,1.0,1.0,4.6,7.0,0.4,0.4,0.2
DMHDS1106,0.9,0.9,1.4,0.9,1.5,1.0,5.3,0.9,0.9,4.1,5.7,0.6,0.2,0.1,0.9,1.6,1.2,1.1,0.7,0.9,4.3,0.7,0.9,4.7,6.3,0.2,0.3,0.1
DMHDS1108,0.9,0.8,0.8,0.6,0.8,0.3,4.0,1.6,1.0,4.4,5.7,0.5,0.1,0.3,0.5,0.9,0.7,0.8,0.8,0.6,3.7,0.7,1.3,4.0,7.1,0.2,0.1,0.2
DMHDS1005,1.0,0.7,1.0,0.6,1.7,0.6,4.1,1.5,0.9,5.6,8.0,0.5,0.3,0.8,1.1,1.0,1.3,0.9,0.9,1.0,4.8,0.8,1.5,4.5,7.8,0.3,0.4,0.5
DMHDS0991,1.0,1.0,1.2,0.7,1.2,0.7,4.5,0.9,0.7,4.7,5.8,0.4,0.2,0.5,0.8,1.3,1.4,1.1,0.9,0.7,5.0,0.8,1.1,4.2,6.4,0.5,0.3,0.3
DMHDS1090,0.7,0.9,1.2,1.2,1.5,0.9,3.9,2.0,1.6,6.1,11.6,0.7,0.2,0.6,0.5,1.0,1.7,1.5,0.5,0.9,3.8,0.6,1.3,5.4,6.8,0.3,0.3,0.4
DMHDS0936,1.2,1.1,1.0,1.3,1.3,1.1,3.5,1.3,1.2,5.4,6.8,0.5,0.7,0.9,0.7,1.2,1.1,1.3,0.7,0.9,3.2,0.7,1.0,6.2,8.3,0.2,0.8,0.4
DMHDS1196,0.8,1.3,1.0,0.7,1.2,1.0,4.5,1.4,1.8,4.7,7.2,0.3,0.2,0.1,0.4,1.3,1.1,1.4,0.9,0.8,3.4,0.8,1.4,3.9,7.9,0.4,0.2,0.1
DMHDS1022,0.7,0.7,0.9,0.7,1.3,0.8,3.5,1.0,1.3,5.5,7.3,0.4,0.2,0.1,1.7,1.0,1.1,0.9,1.2,0.7,4.3,0.6,0.9,5.6,7.0,0.3,0.2,0.1
DMHDS1095,1.0,0.9,0.9,0.7,1.1,0.6,4.1,1.2,1.5,5.4,7.9,0.4,0.3,0.3,0.6,0.8,0.9,0.6,0.8,0.5,3.2,0.9,1.1,6.2,7.1,0.1,0.4,0.3
DMHDS1225,1.4,1.0,0.9,0.7,1.3,1.0,3.8,1.1,1.6,7.7,7.8,0.5,0.3,0.6,0.6,0.7,0.8,0.5,0.7,0.5,4.7,0.7,1.0,4.9,8.6,0.3,0.9,0.7
DMHDS1197,1.3,2.3,1.4,1.9,2.4,1.2,10.9,1.0,1.4,5.2,6.2,0.7,0.3,0.3,0.9,1.8,1.4,1.4,1.5,2.1,8.7,1.6,1.4,4.4,6.7,0.1,0.5,0.3
DMHDS1059,0.9,1.1,1.1,0.7,1.2,0.5,4.9,1.7,1.3,4.1,6.3,0.4,0.1,0.1,0.7,0.8,0.8,0.9,0.7,0.4,4.1,1.0,1.4,5.0,6.0,0.3,0.2,0.2
DMHDS1182,1.0,0.9,0.7,0.8,0.5,0.5,3.1,1.7,1.3,3.1,5.7,0.5,0.1,0.3,0.8,1.0,0.9,0.8,0.7,0.4,3.0,0.6,0.8,3.1,5.8,0.3,0.2,0.3
DMHDS0865,0.8,0.9,1.3,0.6,1.1,0.8,3.4,1.4,1.3,5.4,7.6,0.7,0.2,0.3,0.8,1.1,0.9,0.9,0.9,0.6,3.4,0.7,0.6,5.1,7.1,0.3,0.1,0.1
DMHDS0906,0.9,1.9,0.9,0.9,1.3,0.6,4.2,1.2,1.1,4.9,7.0,0.4,0.2,0.2,0.6,1.6,1.0,1.0,0.8,0.8,4.0,1.1,0.8,4.8,6.7,0.3,0.2,0.2
DMHDS1092,1.5,1.6,1.2,0.9,1.2,0.9,4.4,1.1,1.0,4.2,5.6,0.6,0.3,0.7,1.7,2.8,1.1,0.9,0.7,0.9,6.1,0.9,0.5,4.6,7.2,0.3,2.0,0.5
DMHDS1012,1.2,1.3,1.1,1.0,1.5,0.8,5.7,1.3,1.4,4.0,5.9,0.5,0.1,0.3,0.6,0.9,1.3,1.2,1.1,0.5,5.7,1.0,1.1,4.0,6.9,0.3,0.4,0.1
DMHDS0273,0.6,0.8,1.1,0.8,1.3,1.0,3.1,0.9,1.0,4.2,6.5,0.4,0.1,0.2,0.4,0.8,0.9,0.6,1.0,0.7,3.4,0.9,0.9,4.8,5.8,0.2,0.1,0.2
DMHDS1078,0.6,0.7,0.9,0.7,0.9,0.7,2.9,1.6,1.5,4.5,6.1,0.4,0.1,0.3,0.5,1.3,1.0,0.7,0.5,0.5,3.9,0.4,0.8,4.4,6.8,0.2,0.2,0.2
DMHDS0262,1.0,1.0,1.1,1.1,0.7,0.9,3.8,0.8,1.9,5.2,6.2,0.7,0.2,0.1,0.5,0.7,1.0,0.8,0.8,0.5,3.4,0.8,1.6,4.2,6.9,0.3,0.2,0.0
DMHDS0864,1.0,1.2,1.2,0.7,1.0,0.8,6.6,1.1,1.9,4.5,5.9,0.5,0.3,0.6,0.5,1.1,1.1,0.7,1.0,0.6,4.5,1.5,1.2,4.3,7.3,0.3,0.2,0.3
DMHDS0278,1.2,1.5,1.1,0.8,1.0,0.8,4.8,1.1,1.4,4.2,6.0,0.5,0.2,0.5,0.9,0.8,1.1,0.9,0.9,0.5,3.8,1.1,0.8,4.3,6.7,0.6,0.3,0.2
DMHDS0615,0.9,1.2,1.1,0.9,0.7,0.6,3.5,1.3,1.2,4.8,6.5,0.2,0.2,0.2,0.8,1.7,1.2,1.1,0.7,0.6,4.6,0.7,1.5,4.9,6.6,0.3,0.2,0.2
DMHDS0228,1.1,1.4,1.0,1.6,1.2,0.8,4.3,1.4,1.6,5.6,6.8,0.4,0.7,0.4,0.7,1.4,1.3,1.0,1.0,1.1,4.5,0.8,1.0,4.2,7.5,0.3,0.2,0.0
DMHDS0366,1.3,1.8,1.4,1.0,1.3,0.8,6.0,1.0,2.1,4.6,5.8,0.4,0.1,0.6,0.9,1.3,1.1,1.1,1.0,0.7,4.7,0.7,1.1,3.1,5.7,0.2,0.1,0.4
DMHDS1120,0.7,1.4,0.8,0.8,0.8,0.5,4.2,0.7,0.9,4.4,5.5,0.5,0.2,0.6,0.3,1.1,0.8,0.7,0.5,0.4,3.5,1.0,1.6,4.4,6.8,0.2,0.5,0.2
DMHDS1103,1.1,2.0,1.3,1.3,1.6,1.0,5.0,1.5,2.2,4.7,6.2,0.5,1.2,0.2,1.1,1.3,1.3,1.0,1.1,0.7,5.2,1.0,1.4,4.1,7.2,0.4,0.4,0.6
DMHDS0614,1.3,1.1,0.9,0.7,1.3,0.9,7.3,2.0,1.4,4.8,7.0,0.4,0.3,0.2,1.1,1.1,1.4,0.8,0.8,0.8,5.0,1.0,0.9,4.6,8.4,0.2,2.3,0.7
DMHDS0280,0.6,0.8,1.1,1.0,1.4,1.1,4.1,1.4,1.5,5.8,7.2,0.6,0.6,0.7,0.6,0.8,1.1,0.9,0.9,0.6,3.2,1.1,1.0,6.2,7.2,0.2,0.3,0.2
DMHDS1096,0.7,1.0,1.6,1.2,2.3,1.0,3.9,1.3,1.3,5.2,6.9,0.7,1.1,0.2,0.8,1.3,1.3,1.3,1.2,0.9,4.1,0.9,1.3,5.8,7.7,0.5,0.3,0.2
DMHDS1219,1.0,1.3,1.5,1.3,2.8,1.5,7.6,1.6,1.3,4.0,5.1,0.4,0.4,0.4,0.8,1.2,1.2,0.9,1.5,0.9,6.2,1.0,1.2,3.9,5.8,0.3,0.3,0.1
DMHDS1179,1.0,1.1,1.1,1.0,1.0,0.8,4.3,1.4,1.9,5.7,8.1,0.7,0.2,0.4,0.6,0.7,1.2,1.0,0.7,0.6,3.7,0.8,1.7,5.6,8.1,0.2,0.2,0.7
DMHDS1057,0.8,1.8,1.4,1.0,1.4,0.6,5.7,1.1,1.2,6.8,9.2,0.4,0.3,0.3,0.5,0.8,1.0,1.0,0.8,0.5,4.1,0.9,1.2,6.5,7.7,0.3,0.3,0.1
DMHDS0434,0.7,1.6,0.9,0.9,0.7,0.7,3.9,1.4,1.1,3.5,5.8,0.5,0.7,0.5,0.7,2.1,0.9,0.8,0.7,0.5,3.4,0.9,1.1,3.7,7.3,0.2,1.2,0.2
DMHDS0216,0.6,0.6,1.0,0.8,1.1,0.5,3.8,1.3,1.1,4.8,5.0,0.2,0.9,0.6,0.7,0.9,1.1,0.7,0.9,0.5,3.9,1.0,1.2,4.9,6.5,0.2,0.7,1.2
DMHDS0619,0.9,0.9,0.8,0.8,1.1,0.6,3.7,1.2,1.7,4.3,6.4,0.6,1.0,0.2,0.7,1.1,1.2,1.2,0.9,0.7,3.5,0.9,1.1,3.9,5.5,0.4,0.2,0.2
DMHDS0484,0.8,1.3,1.4,0.7,1.2,0.9,5.4,1.2,2.0,4.6,6.9,0.4,0.3,1.1,0.8,1.4,1.2,1.2,0.9,0.6,5.5,0.9,1.5,5.3,7.0,0.4,0.4,0.1
DMHDS0353,0.8,1.7,1.2,1.2,1.7,0.9,5.1,1.3,1.2,4.8,7.4,0.5,0.2,0.5,0.8,1.4,1.2,1.2,1.0,0.6,4.5,0.8,1.6,4.8,6.6,0.2,0.2,0.8
DMHDS0817,0.9,1.1,1.3,1.5,1.4,1.0,6.4,1.2,1.2,5.1,7.7,0.6,0.4,0.3,0.8,1.6,1.5,1.2,0.9,0.9,4.4,1.2,0.9,4.3,8.4,0.5,0.4,0.3
DMHDS1117,0.9,1.2,0.9,1.0,0.9,0.7,3.4,1.3,1.4,5.5,6.8,0.5,0.3,0.7,0.8,1.2,1.2,0.9,0.7,0.7,3.4,1.0,0.8,4.3,7.3,0.3,0.4,0.4
DMHDS0485,1.0,0.6,0.7,0.7,0.8,0.3,3.2,0.9,0.7,3.7,5.0,0.6,0.1,0.2,0.7,0.7,0.7,0.6,0.6,0.5,3.9,0.4,0.8,3.7,5.6,0.2,0.2,0.4
DMHDS1035,0.6,1.0,1.0,1.0,1.1,0.8,2.9,1.1,2.0,4.5,5.7,0.6,0.1,0.3,0.6,0.7,1.0,0.9,0.9,0.5,4.1,0.7,1.1,4.0,6.1,0.7,0.2,0.3
DMHDS0979,1.6,1.6,1.3,1.7,1.3,1.0,5.8,1.2,1.6,4.1,7.2,0.5,0.2,0.2,0.8,1.0,1.4,1.1,1.0,0.6,4.1,0.6,1.0,5.8,6.9,0.4,0.2,0.3
DMHDS0643,0.7,0.9,0.9,0.9,0.8,0.6,3.5,1.1,1.3,4.6,7.6,0.5,0.1,0.3,0.6,0.6,1.0,0.6,0.8,0.5,3.8,1.2,1.4,5.4,7.6,0.2,0.4,0.3
DMHDS0510,1.0,2.2,1.1,0.9,1.1,0.6,5.8,1.6,1.9,5.6,7.8,0.7,0.9,0.1,0.7,1.3,1.2,1.1,1.1,0.9,6.6,1.4,1.9,5.5,7.6,0.4,0.2,0.1
DMHDS0301,0.9,1.6,1.0,1.0,1.2,0.8,4.2,1.4,1.4,4.2,7.4,1.1,0.4,0.2,1.0,2.2,1.3,1.3,0.4,0.8,3.8,1.1,1.0,4.2,6.2,0.6,0.3,0.1
DMHDS0875,1.0,1.3,1.2,0.8,1.0,0.5,3.5,1.4,1.4,5.2,7.6,0.5,0.2,0.2,0.2,0.8,0.7,0.6,0.7,0.3,5.8,1.0,0.8,5.4,6.8,0.3,2.6,0.1
DMHDS0722,1.0,1.7,1.1,0.9,1.3,1.1,4.7,1.2,1.1,4.0,7.4,0.3,0.1,0.3,0.7,2.1,1.4,0.7,1.1,1.1,4.4,1.0,1.1,3.7,6.1,0.4,0.2,0.1
DMHDS0428,0.6,1.2,1.1,0.8,1.2,0.8,5.3,0.8,1.7,5.9,6.9,0.8,0.2,0.6,0.4,0.8,0.8,0.6,1.0,0.7,5.1,0.6,1.4,4.0,7.2,0.1,0.5,0.8
DMHDS1189,0.6,1.4,0.9,0.8,0.9,0.5,2.9,0.9,0.9,5.1,7.0,0.5,0.2,0.3,0.8,1.1,0.9,0.9,0.7,0.5,2.6,0.8,0.8,5.9,7.3,0.3,0.1,0.2
DMHDS0562,0.6,0.9,0.8,0.7,0.9,0.6,3.7,1.2,1.0,4.3,4.8,0.6,0.1,0.3,0.5,0.9,0.7,1.0,0.5,0.7,3.3,0.6,0.7,3.4,5.6,0.2,0.2,0.1
DMHDS0967,0.9,1.8,1.0,0.7,1.4,0.8,4.2,1.1,1.1,4.4,5.9,0.5,0.3,0.6,0.7,2.9,1.1,0.9,1.1,0.9,5.1,0.8,1.1,3.6,5.5,0.3,0.3,0.4
DMHDS0621,0.9,0.9,1.0,0.6,1.2,0.5,3.1,1.4,1.3,4.1,6.3,0.7,0.1,0.1,0.8,1.2,0.8,0.7,0.6,0.5,3.2,0.7,1.3,4.0,7.1,0.2,0.5,0.1
DMHDS0590,0.9,1.1,1.3,1.3,1.4,1.1,4.0,1.3,1.0,6.0,9.6,0.4,0.2,0.4,0.7,2.2,1.2,1.0,0.8,1.0,3.9,0.7,1.2,6.1,9.1,0.4,0.2,0.2
DMHDS1038,1.0,1.1,1.1,1.1,1.0,0.8,3.4,1.1,1.2,4.3,6.7,0.7,0.2,0.2,0.8,1.1,1.2,0.9,0.4,0.5,3.6,0.7,0.8,5.1,7.2,0.4,0.2,0.1
DMHDS1172,0.6,1.0,1.1,1.2,1.7,0.8,4.3,1.4,1.1,4.9,6.8,0.3,0.2,0.3,0.5,0.8,1.0,0.9,1.3,0.8,4.1,1.0,1.0,5.7,7.6,0.3,0.2,0.2
DMHDS0783,1.0,1.0,1.4,1.2,1.3,1.0,4.4,1.2,1.4,5.1,7.6,0.7,0.1,0.1,0.8,1.0,1.2,0.8,0.8,0.7,4.5,1.3,1.1,6.1,9.2,0.3,0.2,0.3
DMHDS0600,1.0,1.1,0.8,1.3,1.3,0.9,3.9,1.1,1.1,3.7,5.6,0.4,0.1,0.4,0.7,1.4,1.1,0.9,0.6,0.9,3.7,1.1,1.2,3.6,5.5,0.4,0.2,0.3
DMHDS0776,1.2,1.5,1.0,1.0,0.9,0.7,3.6,1.2,1.1,5.2,6.9,0.4,0.3,0.8,0.8,1.0,1.2,0.8,0.8,0.5,3.1,0.6,1.0,5.7,6.5,0.4,0.4,0.2
DMHDS1131,1.1,1.3,1.6,0.8,1.7,1.3,5.4,1.6,1.8,4.0,5.3,0.5,0.2,0.4,0.9,2.7,1.5,1.7,0.9,1.9,6.0,1.1,1.1,4.3,6.7,0.4,0.3,0.1
DMHDS0613,1.0,0.8,0.9,1.1,1.3,0.7,4.1,1.0,1.1,4.1,5.2,0.4,0.6,0.4,0.8,1.1,1.2,1.0,0.9,0.5,4.8,0.7,0.8,4.5,6.2,0.3,1.3,0.2
DMHDS0808,0.9,0.7,0.7,0.6,0.5,0.6,3.2,1.4,1.0,2.9,4.7,0.6,0.1,0.3,0.7,0.8,0.9,0.8,0.4,0.5,3.0,0.9,0.9,2.6,5.1,0.3,0.1,0.2
DMHDS0703,0.9,0.6,0.8,0.5,0.7,0.5,3.5,1.1,1.0,5.3,7.4,0.5,0.4,0.3,0.6,0.7,0.9,0.5,0.6,0.5,3.4,0.6,1.3,4.2,7.5,0.3,1.1,0.3
DMHDS0455,1.3,1.8,1.2,1.3,1.9,0.7,4.0,1.3,1.2,5.0,7.4,0.4,0.2,0.2,1.1,1.6,1.2,1.5,1.0,1.0,3.8,0.8,1.2,5.3,8.9,0.4,0.3,0.2
DMHDS0229,0.6,0.7,1.1,0.6,0.7,0.9,3.4,0.7,1.3,3.8,6.5,0.5,0.3,0.2,0.6,1.1,1.0,0.8,0.5,0.8,2.7,0.6,0.7,4.4,5.9,0.2,0.1,0.1
DMHDS1032,0.9,1.3,1.0,0.9,1.3,0.6,4.1,0.9,1.1,4.7,7.9,0.6,0.6,0.2,0.8,1.6,1.2,0.8,0.9,0.4,3.8,1.0,1.1,4.0,7.3,0.2,0.3,0.2
DMHDS0704,1.0,1.3,1.3,1.1,2.0,1.0,6.4,1.2,0.8,4.6,7.0,0.8,0.3,0.3,0.8,1.6,1.4,1.2,1.2,1.1,5.3,1.0,1.1,5.1,6.5,0.3,0.2,0.2
DMHDS1169,1.0,1.2,1.1,1.2,1.8,0.7,3.6,1.4,1.4,4.2,7.6,0.5,0.1,0.1,0.7,1.2,1.0,1.2,1.1,0.8,4.5,0.8,1.0,4.7,7.1,0.2,0.1,0.2
DMHDS1123,1.0,0.7,0.9,0.9,1.8,0.6,4.0,1.5,1.3,4.9,6.8,0.6,0.3,0.3,0.7,1.4,0.9,1.0,0.6,0.5,3.4,0.9,1.6,4.7,7.3,0.3,0.4,0.4
DMHDS0457,0.7,0.6,1.2,1.0,1.4,1.2,5.2,1.3,1.4,5.6,7.5,0.4,0.1,0.5,0.7,1.2,1.0,0.8,1.1,0.6,4.4,0.6,1.0,4.4,7.1,0.2,0.3,0.3
DMHDS0488,1.0,0.5,0.9,0.5,0.7,0.5,3.2,0.9,1.5,4.9,6.5,0.4,0.2,0.2,0.7,0.9,0.7,0.7,0.6,0.4,2.6,0.6,1.3,4.5,7.1,0.3,1.0,0.1
DMHDS0579,1.0,1.5,1.2,1.5,1.1,0.7,4.1,1.9,1.5,5.8,6.3,0.6,1.1,0.2,1.1,2.5,1.1,1.7,0.7,0.6,4.4,0.7,0.8,6.3,8.2,0.5,0.4,0.2
DMHDS0804,1.0,0.9,0.8,0.8,0.7,0.5,3.4,1.4,1.0,4.5,6.9,0.4,0.1,0.5,0.8,1.7,0.7,1.0,0.9,0.4,3.7,0.6,1.0,4.3,7.4,0.3,0.3,0.3
DMHDS0679,0.9,0.7,0.8,0.6,1.0,0.5,3.4,1.2,1.0,5.8,7.3,0.3,0.9,0.2,0.6,1.2,0.8,0.7,0.6,0.4,3.6,0.7,0.7,5.0,7.3,0.3,0.8,0.1
DMHDS0539,1.1,1.6,0.8,1.1,1.4,0.8,5.2,0.9,1.8,5.6,7.0,0.6,0.2,0.5,0.9,1.0,1.3,1.2,0.8,0.5,4.5,1.0,1.6,4.9,7.2,0.2,0.2,0.3
DMHDS0891,1.2,2.0,1.7,1.3,1.6,0.9,6.4,1.3,1.3,6.7,9.5,0.7,0.3,0.2,0.8,1.3,1.4,1.2,0.9,0.8,5.3,0.8,1.5,5.7,8.2,0.3,1.5,0.9
DMHDS0952,1.0,2.0,1.1,0.8,1.3,0.8,3.7,1.4,1.2,5.0,6.8,0.3,0.2,0.7,0.6,0.8,1.1,1.0,0.9,0.5,3.6,0.9,1.1,5.8,8.9,0.4,0.3,0.2
DMHDS1198,0.6,0.9,0.8,1.0,1.1,0.6,3.5,1.2,0.7,4.5,6.0,0.5,0.1,0.2,0.7,0.9,0.9,0.9,0.7,0.5,3.2,0.8,1.2,4.4,6.3,0.3,0.2,0.2
DMHDS1036,1.0,1.7,1.4,1.2,1.3,1.0,5.2,1.4,1.3,3.9,6.8,0.5,0.2,0.4,0.6,1.2,1.1,1.4,1.3,0.8,5.0,0.9,1.2,4.0,6.5,0.3,0.2,0.2
DMHDS0576,1.2,0.6,1.2,1.0,0.9,0.9,4.4,1.5,1.2,5.0,7.2,0.4,0.2,0.4,0.8,0.9,1.2,0.8,0.7,1.0,5.7,1.2,1.5,6.4,8.0,0.5,0.3,0.3
DMHDS1139,0.9,1.5,1.3,0.9,1.2,0.9,4.5,0.9,1.2,4.2,5.6,0.7,0.3,0.3,0.5,1.1,1.3,1.0,1.1,0.6,7.1,0.9,1.3,5.3,6.1,0.5,0.3,0.3
DMHDS1065,0.7,1.1,0.8,0.8,0.7,0.6,3.1,1.2,0.7,4.2,5.5,0.6,0.1,0.3,0.4,0.9,0.9,0.7,0.6,0.8,5.1,0.9,1.4,4.3,5.4,0.4,0.1,0.1
DMHDS1023,1.0,0.8,0.8,0.7,1.0,0.7,3.2,1.0,1.3,3.6,6.6,0.4,0.1,0.5,0.4,1.0,0.8,0.8,0.8,0.6,4.2,1.1,1.5,4.5,7.3,0.3,3.0,0.9
DMHDS0931,0.7,0.7,1.0,1.0,0.9,0.8,4.1,2.1,1.4,5.0,7.5,0.3,1.5,0.3,1.0,1.9,1.1,1.3,0.8,0.9,4.8,0.9,1.6,4.1,7.5,0.4,0.6,1.6
DMHDS0260,1.0,1.4,1.1,0.9,1.2,0.6,5.4,1.3,1.3,3.9,5.4,0.5,0.2,0.1,0.9,1.3,1.0,1.3,1.3,0.6,4.5,1.0,1.1,3.6,7.4,0.2,0.4,0.2
DMHDS1215,1.0,1.1,0.8,0.9,1.1,0.7,4.4,1.3,1.3,3.7,6.2,0.5,0.2,0.2,0.6,1.1,1.1,1.0,0.7,0.5,4.7,1.5,1.6,3.9,6.7,0.3,0.2,0.4
DMHDS1163,1.1,1.3,1.4,1.3,1.3,1.6,3.8,1.3,1.0,5.1,5.9,0.4,0.1,0.1,1.0,1.2,1.1,1.2,0.5,0.9,5.4,0.8,0.8,5.3,6.4,0.4,0.2,0.2
DMHDS0706,0.7,0.7,1.6,1.0,0.6,0.9,3.7,1.0,1.1,5.7,5.8,0.4,0.2,0.1,0.8,1.0,1.2,1.1,0.7,0.7,3.4,0.9,1.4,4.9,7.4,0.3,0.2,0.1
DMHDS0947,0.9,1.4,1.3,1.2,1.4,1.3,4.2,1.3,1.9,5.8,6.6,0.5,0.2,0.3,0.7,1.4,1.0,0.9,0.6,0.9,3.8,0.9,1.1,5.2,7.6,0.4,0.2,0.2
DMHDS0407,1.1,1.1,1.0,1.0,0.9,0.7,4.9,1.7,1.3,4.0,5.2,0.5,0.2,0.2,0.7,1.0,1.1,0.8,1.0,0.6,6.3,1.2,1.0,3.6,7.3,0.4,0.2,0.2
DMHDS1076,0.8,1.2,0.9,0.9,1.0,0.6,3.4,1.3,1.5,4.6,6.9,0.3,0.2,0.5,1.0,1.3,1.0,0.6,0.8,0.6,3.6,0.7,1.4,3.2,6.3,0.5,0.2,0.2
DMHDS1129,1.0,0.9,0.9,0.9,1.2,0.3,3.5,1.0,1.1,6.4,7.6,0.4,0.7,0.1,0.9,0.9,0.9,0.6,1.0,0.6,4.1,0.8,1.2,5.2,8.3,0.3,1.1,0.8
DMHDS0998,0.9,0.8,1.1,0.6,1.1,0.7,4.4,1.4,0.9,4.5,5.6,0.7,0.2,0.2,0.6,0.9,1.2,0.7,0.8,0.8,3.5,0.8,1.0,4.4,6.4,0.5,0.6,0.1
DMHDS0879,0.8,0.8,1.2,1.3,1.5,0.8,5.0,1.1,1.5,6.2,7.1,0.6,0.2,0.4,0.8,1.9,1.4,1.6,1.2,1.1,4.8,1.4,1.3,6.3,7.7,0.5,0.8,0.8
DMHDS0502,0.7,1.0,1.2,0.8,1.5,0.8,4.4,1.0,1.5,4.6,7.0,0.6,0.1,0.4,0.6,1.6,2.2,1.2,0.8,0.9,4.7,0.5,0.6,4.5,7.1,0.2,0.4,0.1
DMHDS0890,0.9,0.7,0.9,0.7,1.3,0.9,3.6,1.0,1.2,4.1,5.9,0.4,0.1,0.5,0.7,0.9,1.1,1.0,0.7,1.0,3.6,0.8,1.0,4.8,7.5,0.2,0.2,0.2
DMHDS0844,1.2,1.6,1.3,1.4,0.7,1.0,3.9,1.2,1.5,6.6,8.4,1.0,1.0,0.3,0.2,1.0,0.9,0.8,0.6,0.4,3.4,1.0,1.9,5.7,8.6,0.2,1.7,0.2
DMHDS1026,1.3,1.1,1.4,1.4,1.5,1.3,4.9,1.3,1.0,5.1,6.9,0.5,0.2,0.2,0.9,1.3,1.9,0.8,1.0,1.2,5.0,1.3,1.4,4.6,7.6,0.7,0.2,0.2
DMHDS1086,0.8,0.9,1.0,1.0,1.5,0.8,3.8,1.1,1.8,5.1,5.2,0.5,0.2,0.5,0.7,0.8,1.1,1.0,0.9,0.7,4.0,0.7,1.0,5.0,6.8,0.4,0.2,0.3
DMHDS0445,1.3,1.4,0.9,0.8,0.8,0.6,3.9,1.4,2.5,7.6,9.5,0.9,0.2,0.8,0.8,2.3,1.1,1.0,0.5,0.7,4.6,1.5,1.4,7.8,10.5,0.3,1.0,0.3
DMHDS1218,1.2,1.1,1.0,0.7,0.8,0.6,3.4,1.3,1.0,4.0,6.2,0.5,0.1,0.2,0.8,2.2,1.1,0.7,1.0,0.8,3.6,1.0,1.0,4.0,5.8,0.2,0.1,0.2
DMHDS0738,1.2,0.8,1.2,0.8,1.1,0.7,5.2,1.5,1.1,4.8,6.3,0.7,0.2,0.2,0.8,1.0,1.1,0.9,0.8,0.6,4.0,1.1,1.2,5.2,7.5,0.3,0.3,0.5
DMHDS0452,1.8,1.6,1.3,0.7,0.8,0.6,4.2,1.3,1.5,5.7,7.1,0.7,0.2,0.8,0.9,1.6,1.3,0.9,0.9,0.5,4.3,0.7,1.2,6.5,10.2,0.2,0.3,0.5
DMHDS1149,0.8,0.5,0.9,0.6,0.8,0.4,3.4,1.0,1.1,4.0,5.9,0.4,0.1,0.1,0.5,0.5,0.8,0.5,0.7,0.4,4.0,0.8,1.5,3.8,5.8,0.3,0.2,0.4
DMHDS0380,0.9,1.2,0.9,0.9,1.0,0.7,4.3,1.4,1.6,4.2,6.6,0.4,0.1,0.2,0.6,2.0,0.9,0.9,0.7,0.6,4.9,0.7,1.0,5.8,8.5,0.4,0.1,0.2
DMHDS0558,1.3,1.9,1.1,1.0,1.0,0.6,4.2,1.0,1.3,4.3,6.8,0.7,0.7,1.0,0.5,0.8,1.1,0.9,0.8,0.7,3.6,1.3,0.9,4.2,6.9,0.4,0.1,0.3
DMHDS1124,1.0,1.0,0.9,1.5,1.3,0.9,3.9,1.2,1.0,4.2,6.5,0.6,0.4,0.5,0.8,1.3,1.1,1.2,0.9,0.6,3.9,0.7,0.9,4.7,7.5,0.3,0.3,0.2
DMHDS1158,0.6,1.0,1.2,0.9,1.4,0.7,4.1,1.6,1.1,5.4,7.4,0.6,0.8,1.0,0.8,1.4,1.3,1.0,0.9,0.6,3.8,0.9,1.4,4.9,7.7,0.5,0.2,0.2
DMHDS0766,1.3,2.2,1.1,1.2,1.3,0.8,6.2,1.4,1.5,4.8,7.7,0.4,0.2,0.2,1.4,1.4,1.0,1.0,1.0,0.5,5.0,0.9,1.6,4.9,6.8,0.2,0.3,0.3
DMHDS0700,1.0,2.6,1.4,1.2,1.2,0.9,5.0,1.3,1.7,5.9,8.1,0.6,0.2,0.6,1.1,1.4,1.4,0.8,0.7,0.7,4.7,0.8,1.6,5.3,8.3,0.4,0.3,0.2
DMHDS0885,0.8,1.6,1.3,0.9,1.1,1.1,4.0,1.3,1.0,5.3,7.0,0.7,0.9,0.3,0.9,1.5,1.4,1.1,0.8,0.8,4.2,1.1,0.9,5.5,8.3,0.5,0.8,0.1
DMHDS0898,0.5,0.9,1.1,0.9,1.1,0.8,4.4,1.0,0.9,3.2,6.3,0.4,0.1,0.4,0.5,0.8,1.1,0.7,0.8,0.6,5.9,0.8,1.3,3.4,5.7,0.2,0.1,0.2
DMHDS0690,0.7,1.4,1.0,1.1,0.6,0.6,3.7,1.3,0.8,5.3,5.9,0.4,0.3,0.1,0.5,1.3,1.0,1.0,0.4,0.3,3.6,0.7,0.7,3.6,4.5,0.3,0.2,0.1
DMHDS0940,0.8,1.0,1.4,1.4,1.5,1.1,6.4,1.4,1.5,4.5,7.5,0.6,0.6,0.2,0.4,0.9,1.4,1.3,1.0,1.0,5.0,1.2,0.9,5.7,7.6,0.4,0.2,0.2
DMHDS0946,0.8,1.0,1.2,0.8,0.9,0.7,3.4,1.5,1.6,4.7,6.3,0.4,0.2,0.6,0.9,1.3,1.2,1.1,0.9,0.7,3.5,1.1,1.0,4.1,6.1,0.3,0.2,0.5
DMHDS0221,0.5,0.6,0.9,1.0,1.2,1.1,3.3,1.7,1.4,3.9,5.4,0.3,0.2,0.2,0.5,1.8,0.8,0.9,0.7,0.5,3.3,0.6,0.9,3.1,5.3,0.1,1.0,0.1
DMHDS0651,0.7,0.6,1.0,0.6,0.9,0.5,4.2,1.1,1.3,6.6,6.4,0.5,0.2,0.2,0.4,0.9,1.1,0.7,0.8,0.6,5.3,0.8,0.7,5.0,7.3,0.1,0.2,0.2
DMHDS1052,0.6,0.7,1.0,1.0,1.2,0.6,4.1,1.3,1.1,4.5,6.7,0.2,0.1,0.2,0.5,0.8,0.9,0.9,0.7,0.5,3.2,0.9,0.9,5.1,6.5,0.2,0.7,0.2
DMHDS0294,0.7,1.8,3.4,0.8,1.6,1.1,5.2,1.4,1.3,3.3,6.8,0.6,0.2,0.3,0.9,1.7,1.2,1.2,0.7,1.0,3.6,0.8,1.2,5.0,5.9,0.4,0.2,0.8
DMHDS0219,1.0,0.7,0.9,0.7,1.4,0.9,3.6,1.0,1.2,3.0,7.4,0.9,0.9,0.2,0.9,0.9,0.7,0.6,1.0,0.8,4.7,0.6,0.8,2.9,6.1,0.3,0.2,0.2
DMHDS0337,0.8,0.8,1.0,0.9,1.2,0.8,4.7,1.2,1.1,5.4,5.9,0.5,0.2,0.6,0.7,1.0,0.9,1.1,0.7,0.9,3.3,0.6,0.9,4.7,6.4,0.2,0.2,0.3
DMHDS0858,0.6,0.9,0.9,0.4,0.7,0.7,3.2,1.6,1.0,5.6,5.6,0.3,0.2,0.3,0.8,1.2,0.8,0.6,0.7,0.6,2.7,0.9,0.8,6.1,5.2,0.2,0.3,0.2
DMHDS1128,1.4,0.9,1.1,0.8,0.9,1.3,4.5,1.3,1.0,6.0,7.8,0.6,0.1,0.5,1.2,1.3,1.3,1.0,1.3,1.9,4.2,0.8,1.2,6.6,8.3,0.3,0.4,0.2
DMHDS0409,1.6,1.6,1.0,0.8,1.6,0.9,4.5,1.3,1.2,4.5,5.4,0.6,0.1,0.3,1.1,1.3,1.0,0.9,1.9,0.5,5.5,1.1,1.4,4.5,6.7,0.2,0.2,0.4
DMHDS0662,1.0,2.0,1.1,1.2,1.3,0.9,3.8,1.1,0.8,6.4,9.5,0.5,0.2,1.6,0.7,1.5,1.3,0.9,0.8,0.7,5.1,1.0,1.2,5.5,9.2,0.5,0.2,0.3
DMHDS0525,1.2,1.0,1.1,1.0,0.9,0.9,3.3,1.0,0.7,4.1,5.6,0.4,0.1,0.1,1.4,1.5,1.2,1.1,1.0,0.4,3.4,0.8,0.8,4.7,5.3,0.3,0.2,0.0
DMHDS0748,1.3,1.0,0.9,1.0,1.0,0.9,5.2,1.1,1.5,4.9,5.9,0.7,0.3,0.6,1.2,1.0,1.0,1.1,0.6,0.6,4.9,0.9,0.8,4.9,6.5,0.3,0.5,0.3
DMHDS0310,0.9,0.8,1.0,0.8,1.2,0.8,4.5,1.5,1.1,4.7,6.4,0.6,0.6,2.7,0.6,1.0,1.1,0.9,0.7,0.7,4.6,0.7,0.9,3.5,5.9,0.1,1.2,1.1
DMHDS0968,1.1,1.4,0.9,0.7,1.4,0.7,3.6,1.3,1.2,4.8,6.3,0.8,1.0,0.2,1.1,1.6,1.1,0.8,0.3,0.6,2.5,1.0,1.2,5.2,8.0,0.4,0.2,0.7
DMHDS0661,0.8,0.8,0.9,1.0,1.0,0.5,3.6,1.4,1.1,5.7,6.8,0.5,0.1,0.2,0.7,1.0,1.9,1.0,0.6,0.4,3.2,0.9,1.2,4.5,6.3,0.2,0.3,0.2
DMHDS0709,1.1,1.2,1.1,0.6,0.9,0.7,4.4,1.3,1.6,4.9,7.9,0.5,0.2,0.5,1.0,1.0,1.0,0.7,1.0,0.7,4.7,0.9,1.4,4.3,7.1,0.2,0.2,0.2
DMHDS0915,1.0,1.0,1.0,0.8,0.9,0.8,5.1,1.3,1.7,4.9,7.4,0.5,0.2,0.9,0.8,1.3,1.4,1.0,1.4,0.9,4.1,0.8,1.6,5.0,7.8,0.4,0.3,0.2
DMHDS0297,0.7,1.2,1.2,1.1,0.7,0.9,3.9,1.5,0.9,5.0,6.6,0.9,0.5,0.1,0.7,1.4,1.1,1.1,0.8,0.6,3.4,0.7,1.1,4.8,7.2,0.3,0.2,0.3
DMHDS0630,0.7,0.5,1.0,0.5,0.8,0.7,4.3,1.3,1.4,4.4,6.2,0.5,0.2,0.4,0.5,1.0,1.2,1.2,0.9,0.7,4.2,0.9,1.0,6.0,7.0,0.2,1.9,0.3
DMHDS0406,1.2,1.7,1.1,0.9,1.0,0.8,4.6,1.1,1.0,5.0,5.9,0.6,0.1,0.2,0.9,1.6,1.1,1.0,0.9,0.6,4.9,0.7,1.3,4.2,6.2,0.2,1.7,0.5
DMHDS0868,1.1,1.1,1.4,0.7,1.1,1.0,4.1,1.2,0.8,3.5,6.6,0.6,0.2,0.2,1.3,1.1,1.5,1.0,1.0,0.7,4.2,1.0,0.9,4.0,7.3,0.2,0.3,0.2
DMHDS0957,0.8,0.6,0.8,0.8,2.1,0.8,4.4,1.3,1.5,4.3,6.1,0.5,0.2,0.5,0.8,0.7,1.0,1.0,1.1,0.9,5.8,0.9,1.1,5.3,8.4,0.6,0.3,0.3
DMHDS0873,0.9,0.9,1.0,0.8,1.8,0.9,6.0,1.3,1.5,4.5,8.1,1.1,0.3,0.6,0.9,0.9,1.2,1.1,1.3,1.0,4.9,1.0,0.9,4.9,7.6,0.5,0.2,0.4
DMHDS0587,1.6,2.1,1.1,0.9,2.2,1.0,9.1,1.6,2.2,4.3,6.7,0.8,0.3,0.6,1.2,1.3,1.1,0.9,1.8,0.6,6.7,1.1,2.1,5.4,8.1,0.3,0.3,0.2
DMHDS0468,0.9,0.8,1.2,0.8,1.4,1.0,4.6,1.2,1.9,6.5,8.8,0.2,0.2,0.3,0.6,1.0,1.4,1.0,0.8,0.8,4.5,0.8,0.7,5.8,9.4,0.4,0.2,0.2
DMHDS0805,1.4,1.0,1.2,0.7,1.0,1.0,5.2,1.2,1.8,7.1,7.4,0.4,0.1,0.6,1.2,1.0,0.9,0.7,1.0,0.5,4.0,0.6,0.8,8.3,11.6,0.5,0.2,0.2
DMHDS0978,1.1,1.0,1.1,0.7,1.1,0.7,4.8,1.1,1.8,5.3,7.8,0.5,0.2,0.7,0.9,1.2,1.9,1.0,1.1,0.8,4.8,1.2,1.5,5.7,7.4,0.2,0.8,0.2
DMHDS0715,0.9,1.1,1.3,0.8,1.4,1.2,3.4,1.7,1.3,4.5,6.8,0.5,0.1,0.4,0.7,1.6,1.1,1.3,0.7,1.2,3.8,0.6,0.8,5.6,6.6,0.3,0.2,0.4
DMHDS0713,1.2,1.2,1.2,1.0,1.8,0.9,5.2,1.3,1.4,5.5,7.5,0.5,0.2,0.9,0.7,1.8,1.5,1.4,0.9,1.0,5.9,0.9,1.8,5.0,6.9,0.4,0.2,0.3
DMHDS0511,0.8,0.9,1.1,0.9,1.2,0.5,3.7,1.1,1.2,4.5,7.1,0.5,0.7,0.4,0.7,1.3,1.2,1.2,1.1,0.5,3.9,0.9,0.6,5.1,6.2,0.4,1.2,0.1
DMHDS0677,0.9,0.8,1.4,1.0,1.2,0.8,5.2,1.4,1.8,4.7,5.9,0.4,0.1,0.4,0.7,1.3,1.1,1.2,1.1,0.8,4.7,0.9,1.0,4.6,7.8,0.2,0.1,0.2
DMHDS1088,0.8,0.7,0.8,1.2,0.9,0.6,4.1,1.6,1.2,5.2,5.9,0.2,0.4,0.5,0.6,1.1,1.0,0.8,0.6,0.6,4.0,0.6,0.8,5.1,7.3,0.3,0.8,0.2
DMHDS1020,0.7,0.5,1.0,0.5,1.2,0.9,3.4,1.6,1.5,4.4,6.1,0.3,0.2,0.4,0.7,1.1,2.2,0.7,0.7,0.9,5.1,0.8,0.9,4.1,6.8,0.3,0.1,0.2
DMHDS0606,1.1,1.1,0.9,0.7,1.0,0.4,3.8,2.3,1.6,4.0,5.6,0.7,0.9,0.3,0.8,1.3,1.0,0.9,0.7,0.4,4.2,1.0,1.5,4.2,7.0,0.2,0.2,0.9
DMHDS1148,0.9,0.8,1.4,0.5,0.8,0.5,3.8,1.1,1.4,4.9,6.0,0.4,1.2,0.2,0.6,0.7,0.7,0.6,0.9,0.3,4.5,1.1,0.9,4.4,7.2,0.2,0.1,0.8
DMHDS1187,1.2,1.3,1.0,0.9,1.1,1.2,4.9,1.8,1.6,5.2,8.5,0.7,0.9,0.1,0.5,1.0,1.0,1.0,0.7,0.7,4.7,0.9,1.2,3.6,7.8,0.4,0.2,0.6
DMHDS0899,1.2,1.7,0.9,0.9,0.7,0.8,4.2,1.3,1.0,5.3,8.3,0.5,0.1,0.4,0.6,1.0,1.0,0.7,0.8,0.6,3.8,1.0,1.2,5.2,7.7,0.5,0.2,0.3
DMHDS0682,1.0,1.2,0.8,0.9,0.9,0.6,5.0,1.3,1.5,5.3,7.8,0.6,0.3,0.6,0.8,1.6,0.8,1.0,1.2,0.7,3.3,1.0,1.2,4.6,8.2,0.4,0.3,0.3
DMHDS1002,0.7,1.3,1.1,1.1,1.3,0.7,4.0,1.3,1.4,5.4,5.5,0.6,1.0,0.5,0.9,0.7,1.2,1.0,1.1,0.8,3.3,0.7,0.9,5.0,5.8,0.3,0.2,0.2
DMHDS1014,0.7,0.9,1.1,1.2,1.1,1.0,5.2,1.8,1.1,4.7,6.7,0.5,0.2,0.2,0.5,1.2,1.1,1.1,0.7,0.9,4.1,0.8,0.9,4.2,6.3,0.3,0.3,0.3
DMHDS0935,0.5,0.6,0.8,0.7,1.0,0.7,4.2,1.0,0.7,6.4,6.9,0.4,0.1,0.1,0.2,1.1,1.0,0.8,0.6,0.6,4.0,0.8,1.3,4.3,7.6,0.3,0.2,0.1
DMHDS1156,1.1,1.2,1.1,1.2,1.7,1.0,5.6,1.4,1.5,3.2,5.1,0.4,0.2,1.3,0.8,1.3,1.2,1.1,1.3,0.9,5.3,1.0,1.4,3.6,6.2,0.3,0.2,0.2
DMHDS0610,0.7,0.7,1.1,0.9,1.7,0.9,4.7,1.9,1.9,6.2,6.4,0.5,0.2,0.9,0.7,1.3,0.9,1.1,1.1,0.5,4.5,1.1,1.4,5.2,7.2,0.3,0.2,0.4
DMHDS1030,1.1,0.7,0.7,0.7,0.9,0.4,3.8,1.0,1.6,3.4,5.9,0.4,0.2,0.2,0.5,0.9,2.0,0.7,1.2,0.5,3.7,1.7,1.1,3.5,6.3,0.4,0.1,0.1
DMHDS0756,1.5,1.5,1.4,1.4,2.6,1.5,7.6,1.4,1.6,6.2,9.1,0.7,1.6,1.3,1.4,2.5,1.5,1.3,1.7,1.3,5.7,0.8,0.8,7.7,9.0,0.4,0.4,0.7
DMHDS1160,1.0,1.1,1.4,0.9,1.3,0.8,4.7,1.4,1.6,4.5,6.9,0.6,0.6,0.3,0.8,1.2,1.0,1.0,1.0,0.7,4.8,0.9,1.3,3.1,6.2,0.6,0.2,0.3
DMHDS0688,1.0,1.0,1.2,1.1,0.9,0.6,4.0,1.2,1.3,4.4,5.6,0.3,0.8,0.4,0.5,1.2,1.1,1.5,0.8,0.8,4.8,1.1,1.1,5.0,6.4,0.2,1.7,0.4
DMHDS0519,0.8,1.3,0.8,1.0,1.1,1.0,3.2,1.2,1.1,4.9,6.9,0.5,0.1,0.4,0.8,1.0,0.9,0.8,0.8,0.6,3.6,1.1,1.2,4.5,6.6,0.3,0.2,0.3
DMHDS0534,1.3,1.2,1.1,1.2,1.4,1.0,5.3,1.3,1.3,3.2,6.5,0.7,0.3,0.4,1.2,1.6,1.4,1.6,1.3,1.2,6.7,0.8,1.8,5.3,7.6,0.2,0.5,0.2
DMHDS0692,0.6,1.7,1.0,0.9,1.0,0.8,3.7,1.2,1.3,3.4,5.8,0.2,0.5,0.2,0.6,1.0,1.0,0.6,0.6,0.4,4.0,0.7,1.5,4.9,7.5,0.4,0.4,0.4
DMHDS0403,1.4,2.7,1.7,1.9,2.4,1.3,8.9,2.3,1.2,5.5,9.4,0.7,0.5,0.6,0.8,3.3,1.3,1.7,2.0,1.1,7.6,0.9,1.1,5.7,8.8,0.5,0.5,0.5
DMHDS0438,0.8,0.8,1.2,0.7,1.4,0.7,3.6,0.9,1.1,5.1,7.0,0.5,0.2,0.4,0.4,1.2,1.3,1.2,0.8,1.0,5.5,0.8,1.2,5.6,7.8,0.4,0.3,0.2
DMHDS0408,0.9,1.5,1.1,0.9,0.9,0.6,4.3,1.9,1.6,4.8,6.8,0.3,1.1,1.6,0.9,1.4,1.0,1.0,0.8,0.6,4.0,1.1,0.9,4.0,6.8,0.4,0.6,0.3
DMHDS0463,0.8,1.2,0.9,0.8,1.2,0.6,7.0,1.6,2.1,5.9,6.8,0.6,1.2,0.5,0.6,1.8,1.1,0.9,3.0,0.7,7.4,1.0,1.4,5.3,8.3,0.5,0.2,0.2
DMHDS0327,1.3,1.1,1.2,0.9,1.0,0.7,4.3,1.8,1.3,5.5,6.0,0.7,0.2,0.3,0.9,0.9,1.3,1.3,1.0,0.5,4.6,0.8,1.0,4.7,8.9,0.5,0.1,0.2
DMHDS0474,0.6,0.4,0.7,0.7,0.9,0.5,2.9,1.2,0.9,4.1,5.7,0.5,0.1,0.2,0.7,0.6,0.9,0.9,1.0,0.7,3.0,0.7,1.2,4.5,6.1,0.2,0.1,0.2
DMHDS1111,1.1,1.1,0.9,0.9,1.1,0.6,3.2,1.5,1.1,4.3,5.9,0.7,0.2,0.4,0.7,1.0,1.0,0.8,0.6,0.7,4.2,0.9,1.2,6.0,6.7,0.5,0.2,0.2
DMHDS0763,0.5,1.0,1.1,1.0,1.2,1.3,3.8,1.1,1.1,4.8,6.9,0.3,0.1,0.6,0.6,1.4,1.0,1.7,0.8,0.9,3.7,0.8,0.8,4.5,6.5,0.2,0.2,0.2
DMHDS0302,0.9,0.8,0.9,1.1,1.1,0.7,4.0,1.4,1.2,4.4,6.7,0.5,0.3,0.4,0.8,0.7,0.8,0.9,0.6,0.7,4.0,0.8,1.5,4.4,7.5,0.4,0.2,0.2
DMHDS1200,0.6,0.9,1.2,1.0,1.3,0.9,4.1,1.1,1.4,3.7,6.0,0.4,0.1,0.3,0.6,0.7,1.1,0.6,1.1,0.6,3.9,0.8,1.1,3.8,5.9,0.2,1.2,0.3
DMHDS1159,0.7,0.8,1.1,0.8,1.1,0.9,4.1,1.1,1.2,4.9,6.9,0.3,1.3,0.3,0.5,0.8,0.9,0.8,0.8,0.6,4.2,0.7,1.3,5.0,7.3,0.2,1.6,0.1
DMHDS0388,1.0,0.9,1.0,0.9,1.0,0.7,3.9,1.3,1.3,4.7,5.6,0.9,0.2,0.2,0.8,1.1,0.9,0.7,0.7,0.5,2.7,0.8,1.0,4.1,4.9,0.2,0.3,0.2
DMHDS0993,0.7,0.9,0.9,1.0,1.1,0.6,3.6,1.1,1.0,4.5,5.3,0.4,0.1,0.8,0.8,1.0,0.9,1.0,0.7,0.6,3.4,1.0,0.9,5.2,6.2,0.2,0.6,0.2
DMHDS0209,1.1,1.5,1.0,0.9,0.8,0.7,4.0,1.5,1.5,8.1,9.6,0.5,0.3,0.7,0.6,1.1,1.0,0.9,0.8,1.0,3.9,1.0,1.6,7.3,10.4,0.4,0.6,0.9
DMHDS1132,0.9,1.4,1.2,1.1,1.4,0.9,4.2,1.5,1.2,4.1,5.9,0.5,0.1,0.1,1.0,1.4,1.2,1.0,1.1,0.7,5.1,1.2,1.4,4.6,6.3,0.4,1.0,0.3
DMHDS0383,0.7,0.7,0.7,0.6,0.8,0.4,3.1,0.9,0.8,4.4,5.8,0.4,0.1,0.2,0.5,0.8,0.7,0.6,0.7,0.5,2.3,0.7,0.7,4.6,6.1,0.4,0.3,0.2
DMHDS0483,0.6,1.0,0.9,0.9,0.9,0.6,3.8,1.6,1.0,4.8,6.2,0.3,0.1,0.3,0.6,1.3,1.0,0.8,0.7,0.8,5.3,0.9,1.1,4.6,7.0,0.2,0.2,0.1
DMHDS0982,0.9,1.4,1.1,1.1,1.0,0.7,4.1,1.3,0.9,5.5,7.3,0.6,0.2,0.7,1.0,1.2,1.4,1.1,1.0,0.7,4.2,0.9,0.9,4.6,7.5,0.3,0.3,0.6
DMHDS1087,0.9,0.8,0.6,0.7,1.1,0.5,4.5,1.4,1.2,6.0,6.9,0.7,0.3,0.6,0.7,1.0,1.1,0.7,0.8,0.6,4.6,0.9,1.4,4.5,6.5,0.6,0.2,0.3
DMHDS1077,1.0,1.1,0.9,0.7,0.9,0.6,3.8,1.4,0.9,4.2,5.8,0.5,0.1,0.3,0.5,0.9,1.1,0.8,0.6,0.6,3.6,1.9,1.0,4.9,6.6,0.2,0.2,0.2
DMHDS0618,1.2,0.7,0.8,1.1,1.0,0.5,4.7,1.0,0.9,4.6,5.9,0.5,0.1,0.1,0.5,1.0,0.8,0.8,0.9,0.6,4.2,0.5,1.3,3.6,6.7,0.3,0.2,0.1
DMHDS1167,0.8,1.2,0.8,1.0,1.1,0.7,3.6,1.4,1.5,5.5,6.4,0.2,0.1,0.2,0.5,0.8,0.9,1.1,0.7,0.4,3.5,0.7,0.7,5.1,7.3,0.3,0.1,0.2
DMHDS0517,1.4,1.6,1.3,1.2,1.3,1.3,4.7,1.5,1.4,5.3,6.3,0.6,0.2,0.5,0.7,1.3,1.3,1.0,1.2,1.0,6.4,1.2,1.1,6.4,7.8,0.3,0.2,0.4
DMHDS0981,0.9,1.1,1.0,0.8,1.1,0.6,5.6,1.0,1.4,5.4,7.3,0.5,0.3,0.8,0.9,1.6,1.1,1.0,0.5,0.6,3.5,0.7,1.2,4.8,7.0,0.4,0.3,0.4
DMHDS0877,0.7,0.8,1.1,0.8,1.4,0.7,3.4,1.3,1.2,3.9,5.7,0.6,0.1,0.4,0.7,1.3,0.9,0.8,1.0,0.6,3.3,1.1,1.2,4.1,6.3,0.4,0.1,0.2
DMHDS1008,0.8,1.2,1.1,0.8,0.7,0.6,3.3,1.5,1.2,3.7,6.2,0.4,0.3,0.2,0.6,1.6,0.8,0.8,0.6,0.5,3.3,0.8,0.8,4.1,5.8,0.3,0.3,0.1
DMHDS0806,0.7,0.9,1.0,1.4,1.1,0.7,3.3,0.9,0.9,5.3,6.6,0.4,0.9,0.1,0.5,1.3,1.0,0.9,0.8,0.5,3.1,0.7,1.0,4.2,6.9,0.2,0.1,0.1
DMHDS1236,0.9,0.9,1.2,0.9,1.6,1.2,4.7,0.9,0.7,5.6,7.0,0.6,0.2,0.1,0.8,1.0,1.1,0.7,1.2,0.6,4.1,1.0,0.7,5.2,6.3,0.1,0.2,0.1
DMHDS0222,0.8,1.0,0.8,0.9,0.9,0.4,5.6,0.8,1.4,6.0,7.5,0.4,1.1,0.2,0.6,1.6,1.0,0.8,0.6,0.4,3.3,0.9,0.9,5.7,8.0,0.4,1.0,0.1
DMHDS0920,0.7,0.8,0.8,0.8,0.8,0.7,3.2,0.9,1.3,3.5,5.8,0.4,0.1,0.2,0.6,1.3,0.8,0.8,1.0,0.4,2.8,1.4,1.3,3.0,5.4,0.4,0.1,0.2
DMHDS0522,0.7,0.9,0.8,0.9,1.2,0.8,4.0,1.1,1.2,4.3,6.2,0.4,0.3,0.2,0.8,1.5,1.1,0.7,0.8,0.8,3.7,0.7,1.0,3.6,6.3,0.3,1.0,0.2
DMHDS0977,0.8,1.2,1.3,1.5,0.7,0.9,4.3,1.6,1.7,4.1,5.3,0.6,0.6,0.1,0.6,1.1,1.0,1.2,0.8,0.8,4.7,1.1,1.5,3.5,6.7,0.3,0.4,0.2
DMHDS0450,0.6,1.5,1.1,1.1,1.3,0.7,4.5,1.6,1.4,4.7,7.0,0.4,0.9,0.3,0.5,0.8,0.9,0.9,0.9,0.8,3.8,0.6,1.1,3.8,6.7,0.4,0.1,0.2
DMHDS0611,1.8,1.3,1.2,2.1,1.7,1.1,4.8,1.1,1.0,4.5,5.7,0.6,0.3,0.4,1.0,1.1,1.1,1.2,0.8,0.8,6.6,0.6,0.7,4.6,6.4,0.4,0.2,0.2
DMHDS0827,0.7,1.1,1.2,1.2,1.1,0.7,3.5,1.3,1.2,5.4,6.9,0.2,0.1,0.2,0.8,2.1,0.9,1.3,0.7,0.7,3.3,1.0,1.5,4.5,7.5,0.4,0.2,0.2
DMHDS1062,0.7,0.7,0.9,0.7,1.4,0.8,4.6,1.9,1.4,7.0,7.2,0.2,0.2,0.2,0.8,0.9,1.0,0.7,1.1,0.6,5.2,1.0,1.1,5.2,9.8,0.6,0.2,0.1
DMHDS0504,1.1,1.5,0.9,0.9,1.2,0.7,3.7,1.6,1.5,6.6,7.9,0.3,0.2,1.0,0.7,1.2,1.1,1.2,1.3,0.6,4.0,0.6,1.2,5.5,8.8,0.4,0.4,0.2
DMHDS1177,0.9,1.2,1.3,0.9,1.5,1.0,3.6,1.1,0.9,8.5,8.5,0.4,0.3,0.6,0.8,1.0,1.6,0.9,0.7,0.8,4.2,0.6,1.1,6.3,8.0,0.3,0.3,0.3
DMHDS0531,1.0,0.8,0.8,0.5,1.1,0.7,4.1,1.3,1.2,5.5,5.6,0.5,0.2,0.3,0.8,1.3,1.3,1.0,0.9,0.7,5.6,1.0,1.3,4.7,7.3,0.3,0.1,0.2
DMHDS0928,1.1,1.9,1.1,0.9,1.5,0.8,4.7,1.5,1.8,5.1,6.0,0.6,0.5,1.1,0.7,1.7,1.1,1.3,1.4,0.8,5.0,0.8,1.1,5.2,7.6,0.5,0.3,0.2
DMHDS2000,0.9,1.9,1.1,0.9,1.4,0.8,3.8,1.3,1.3,3.9,5.8,0.5,0.1,1.1,0.8,1.2,1.1,1.3,0.9,0.8,3.7,0.8,1.0,4.3,6.3,0.3,0.2,0.1
DMHDS0220,0.9,1.7,1.2,1.3,1.1,0.5,3.9,0.8,1.3,4.5,5.1,0.6,0.1,0.3,0.6,1.3,1.1,1.0,0.7,0.5,3.5,0.8,1.2,3.9,6.2,0.2,0.2,0.2
DMHDS0712,0.8,1.3,1.2,0.9,1.7,1.1,6.2,1.0,0.8,2.9,5.7,0.3,0.2,0.3,0.6,1.5,1.2,1.0,1.0,0.7,4.8,0.7,0.8,3.4,5.3,0.3,0.3,0.1
DMHDS0861,0.8,1.4,1.0,1.0,1.0,0.8,3.6,1.1,1.1,4.5,7.3,0.6,0.1,0.5,0.7,1.2,1.0,0.6,0.7,0.5,4.0,0.4,0.8,5.4,7.3,0.3,0.2,0.2
DMHDS0663,0.7,0.8,1.2,0.9,0.9,0.8,3.6,0.9,1.2,4.9,5.9,0.3,0.1,0.1,0.7,0.7,0.9,0.8,0.9,0.8,3.3,0.5,0.9,5.1,6.0,0.4,0.2,0.8
DMHDS0878,0.6,0.9,0.9,1.2,1.1,1.1,4.1,1.2,1.3,4.7,6.9,0.6,0.2,0.2,0.7,1.3,1.0,1.2,0.5,0.7,3.3,0.7,0.9,5.4,7.0,0.3,0.2,0.1
DMHDS0459,0.9,1.1,1.2,0.7,1.2,0.9,4.0,1.1,1.1,6.1,7.6,0.6,1.1,0.2,0.6,1.8,1.1,0.8,1.2,1.1,5.4,0.7,1.2,6.3,9.6,0.2,1.1,0.3
DMHDS0660,1.2,1.3,1.3,1.3,2.4,1.2,4.9,1.3,1.7,6.0,7.3,0.6,0.6,0.3,1.1,1.5,1.2,1.3,1.4,0.7,5.7,0.7,1.2,7.2,9.3,0.3,0.3,0.2
DMHDS0843,0.9,1.0,1.1,0.7,1.3,0.8,4.3,1.3,1.3,3.4,5.5,0.5,0.1,0.2,0.3,0.9,0.8,0.7,0.7,0.5,5.4,0.9,1.3,4.9,6.6,0.2,0.2,0.0
DMHDS0472,1.1,1.3,1.3,1.1,0.7,1.0,3.0,1.3,1.1,4.6,6.8,0.5,0.2,1.1,0.9,1.4,1.2,0.9,0.5,0.7,3.5,1.1,1.1,4.2,6.3,0.3,0.3,0.3
DMHDS0554,0.8,1.4,1.1,0.9,1.2,1.1,3.1,1.1,0.8,4.8,5.6,0.3,0.1,0.3,0.3,0.8,0.9,0.9,0.6,0.6,4.3,0.9,1.1,5.0,6.7,0.3,0.2,0.3
DMHDS0421,1.0,0.7,1.1,0.7,0.9,0.7,4.4,1.3,1.8,4.3,6.8,0.4,0.2,0.3,0.7,1.1,0.9,0.7,0.6,0.5,3.8,1.2,1.1,4.4,6.4,0.4,0.2,0.2
DMHDS0807,0.7,1.0,0.9,0.8,0.8,0.5,3.5,1.2,1.0,6.1,5.8,0.3,0.2,0.5,0.5,1.0,1.0,0.8,0.7,0.5,3.6,0.8,1.1,4.7,6.4,0.4,0.2,0.3
DMHDS0555,0.9,1.9,1.1,1.1,1.8,1.0,4.4,1.1,1.2,6.3,7.2,0.6,0.1,0.3,0.6,2.0,1.1,0.9,1.1,1.0,3.9,0.8,0.9,6.4,8.4,0.7,0.2,0.1
DMHDS0670,1.4,1.8,1.2,1.0,1.9,1.0,6.5,1.5,1.5,4.1,5.2,0.8,1.2,0.6,0.8,1.8,1.2,1.2,1.2,0.6,5.7,1.0,1.2,4.4,6.1,0.2,0.5,0.4
DMHDS0773,1.3,2.2,1.3,1.5,1.4,1.0,7.3,3.1,1.7,4.5,6.2,0.6,0.3,0.3,0.7,1.3,1.4,0.7,0.9,0.7,6.3,1.3,7.2,5.3,6.6,0.6,0.3,0.1
DMHDS0303,0.9,1.2,1.3,0.8,2.2,0.9,7.1,1.9,2.5,4.8,6.0,0.5,0.3,0.6,0.7,2.1,1.3,1.1,1.3,0.7,6.0,0.7,1.5,5.8,7.3,0.3,0.3,0.2
DMHDS0449,1.3,1.6,1.4,1.6,1.8,1.0,5.3,1.5,1.2,6.0,7.5,0.5,0.7,0.3,0.8,1.5,1.4,1.7,1.1,1.1,4.2,1.1,1.3,5.4,7.5,0.4,1.1,0.2
DMHDS0762,1.1,0.7,1.1,0.7,1.3,0.8,4.8,1.0,1.7,4.8,7.9,0.3,0.1,0.1,0.9,1.7,0.9,1.1,1.0,0.7,3.9,0.6,0.9,5.5,6.4,0.4,0.1,0.1
DMHDS0311,0.9,1.1,1.1,1.3,1.4,1.2,5.8,1.9,2.3,4.6,7.0,0.5,0.7,0.8,0.9,2.2,1.3,1.4,0.8,0.9,6.3,1.4,1.3,5.1,7.0,0.5,0.6,0.5
DMHDS0414,0.9,1.0,0.9,1.0,1.0,0.7,4.7,1.8,2.0,3.7,7.0,0.3,0.9,0.2,0.9,1.1,0.9,0.6,0.9,0.5,3.9,0.7,1.2,4.1,6.6,0.2,1.0,0.2
DMHDS0378,1.0,1.3,1.2,1.0,1.1,0.7,4.0,1.7,1.3,6.1,8.0,0.6,0.3,0.8,0.7,1.4,1.0,1.1,0.7,0.7,5.0,1.3,1.5,5.7,10.5,0.4,0.4,0.6
DMHDS1220,0.8,1.6,1.7,1.2,1.7,1.4,5.1,1.0,1.2,4.6,5.6,0.5,0.2,0.3,0.6,1.5,1.6,1.3,0.9,1.2,4.7,1.2,1.1,3.8,6.3,0.1,0.2,0.3
DMHDS1000,0.9,1.1,1.1,1.1,1.2,1.0,5.2,0.8,1.1,4.8,7.3,0.4,0.2,0.5,0.4,0.8,1.1,0.8,1.1,0.5,4.4,1.1,1.1,5.1,7.5,0.2,0.2,0.2
DMHDS1171,1.0,1.0,1.2,0.8,1.0,0.9,4.8,1.2,1.2,5.0,6.1,0.3,0.2,0.6,0.6,1.5,1.1,0.7,0.8,0.6,4.5,0.5,0.7,4.9,7.2,0.2,0.2,0.2
DMHDS1127,1.0,1.2,0.9,0.9,0.8,0.6,5.2,1.0,1.1,3.8,5.6,0.4,0.1,0.3,0.3,1.0,0.7,1.0,1.1,0.7,5.9,0.8,1.1,4.5,6.6,0.6,0.2,0.2
DMHDS1067,0.9,1.4,0.9,0.9,1.3,1.0,5.0,0.9,0.9,3.9,5.1,0.6,0.2,0.5,0.9,1.1,0.8,0.9,0.8,0.5,3.1,1.0,0.7,3.4,5.8,0.2,0.4,0.5
DMHDS0990,1.0,0.7,1.1,1.0,1.1,0.6,5.3,1.2,1.3,5.0,5.5,0.7,0.2,0.4,0.6,1.4,0.9,1.3,0.7,0.6,4.2,0.6,1.2,4.4,6.2,0.3,0.2,0.2
DMHDS0963,0.7,1.3,1.2,1.0,1.4,1.3,3.4,1.2,0.9,3.1,5.6,0.6,0.2,0.4,0.7,1.0,1.0,1.0,1.0,0.9,3.9,0.8,0.9,4.2,6.8,0.3,0.2,0.1
DMHDS1201,0.8,1.9,1.0,1.0,1.9,1.1,5.5,1.4,0.9,4.7,6.6,0.4,0.5,0.4,0.8,1.6,1.0,1.0,0.9,1.1,5.7,1.0,1.4,4.2,8.5,0.4,0.2,0.4
DMHDS1147,1.0,1.4,1.4,0.9,1.3,1.1,5.6,2.1,1.6,6.0,7.1,0.6,0.5,0.6,0.7,1.1,1.4,1.1,1.0,0.8,7.0,0.8,1.0,5.4,8.4,0.3,0.7,0.2
DMHDS1016,0.9,0.6,0.9,1.0,1.3,0.7,4.0,1.1,0.8,4.7,6.0,0.3,0.2,0.5,0.5,0.8,1.2,1.0,1.0,0.5,3.6,0.8,1.0,4.9,6.4,0.1,0.2,0.1
DMHDS1233,1.4,1.8,1.7,1.3,2.0,1.5,7.3,1.7,1.9,4.2,6.6,0.3,1.1,0.1,0.9,1.6,1.8,1.9,1.5,1.1,6.7,1.6,2.3,4.8,9.9,0.6,0.5,0.2
DMHDS0972,1.2,1.3,0.9,0.8,1.1,0.6,4.1,2.2,1.5,5.4,7.8,0.6,0.6,0.1,0.9,2.0,0.9,1.5,0.9,0.7,4.3,1.0,1.4,5.5,7.5,0.6,0.3,0.1
DMHDS1056,1.3,1.1,1.4,1.1,2.3,1.0,5.1,1.3,1.4,3.7,6.6,0.7,0.1,0.2,0.8,1.0,1.4,1.2,1.3,0.8,4.9,1.2,1.3,4.0,6.1,0.4,0.1,0.1
DMHDS0994,0.7,1.0,1.0,0.9,1.1,1.2,4.3,1.3,1.3,5.0,7.0,0.7,0.2,0.1,0.7,1.4,1.3,1.2,0.6,1.1,3.5,1.0,1.1,4.3,8.1,0.2,1.2,0.3
DMHDS1084,0.7,0.9,1.1,1.4,1.7,0.9,4.8,1.2,1.1,5.8,6.9,0.6,0.1,0.4,0.5,1.0,1.1,1.5,1.1,0.7,4.1,1.1,0.7,5.5,6.0,0.2,0.3,0.2
DMHDS1228,1.0,1.6,1.1,1.0,1.6,0.8,4.3,1.3,1.2,4.7,5.0,0.4,0.3,0.6,0.6,0.8,1.0,0.7,0.9,0.5,3.8,0.6,0.8,4.6,6.2,0.3,0.4,0.3
DMHDS0357,0.6,0.7,1.1,0.8,0.7,0.6,2.9,1.0,1.1,4.7,6.3,0.4,0.1,0.4,0.3,0.6,0.9,0.6,0.5,0.6,2.7,0.6,0.9,4.7,6.6,0.3,0.3,1.8
DMHDS0589,0.9,1.3,1.0,0.9,0.9,0.8,4.0,1.5,1.4,5.1,7.1,0.4,0.3,0.8,0.7,1.2,1.3,1.1,0.7,0.8,3.9,0.7,0.8,4.6,6.7,0.3,0.3,0.2
DMHDS0430,0.8,1.7,1.3,0.9,2.6,1.3,7.8,1.8,1.2,4.4,7.3,0.7,0.4,0.3,0.7,1.4,1.5,0.8,1.5,1.0,7.1,1.1,1.3,4.6,7.4,0.6,0.8,0.7
DMHDS1093,1.8,2.2,1.0,1.2,0.9,0.8,4.1,1.2,1.4,4.0,6.4,0.7,0.3,0.7,0.9,1.1,1.2,0.9,0.8,0.6,4.6,0.7,1.2,5.5,7.8,0.4,0.5,0.2
DMHDS0954,1.2,1.8,1.5,0.9,1.4,1.1,6.3,0.9,1.0,5.4,6.7,0.7,0.2,0.1,0.8,2.1,1.3,1.0,1.0,0.7,5.2,0.8,0.8,6.9,8.9,0.2,0.2,0.2
DMHDS0838,1.4,1.3,1.6,0.9,2.5,1.2,6.1,1.0,1.4,4.8,7.6,0.8,0.5,1.1,1.3,2.0,1.3,1.1,1.3,1.0,7.1,0.6,0.9,4.0,7.2,0.2,0.3,0.3
DMHDS0896,1.2,1.3,1.2,1.0,0.5,0.7,3.8,0.9,1.3,4.9,7.0,0.4,0.1,0.4,0.5,0.8,1.3,0.7,0.6,0.4,4.8,0.9,0.9,5.7,7.1,0.5,0.2,0.2
DMHDS0544,0.9,1.1,1.1,1.0,1.2,0.6,5.1,1.4,2.4,5.8,8.3,0.3,0.2,0.3,0.9,1.6,1.3,1.2,1.1,0.6,6.6,1.0,2.0,5.0,9.6,0.4,0.3,0.3
DMHDS0897,1.1,1.4,1.2,1.1,1.3,0.9,5.3,1.6,1.6,5.0,7.6,1.1,0.2,0.1,0.8,1.3,1.1,0.7,1.0,0.6,4.7,1.0,1.6,5.3,8.5,0.4,0.4,0.2
DMHDS1173,1.4,1.2,1.1,1.3,1.2,0.6,4.7,1.4,1.4,5.4,7.7,0.7,0.1,0.3,0.8,1.0,1.0,0.8,0.7,0.6,4.5,0.8,0.9,5.3,8.6,0.3,0.1,0.1
DMHDS1098,1.1,1.5,1.2,1.0,1.3,1.1,4.5,1.5,1.4,6.0,8.1,0.8,1.4,0.9,0.8,2.4,1.1,1.2,0.7,0.8,4.4,0.9,1.0,4.8,7.1,0.5,0.7,0.3
DMHDS0904,1.0,2.5,1.5,1.4,1.4,0.8,5.3,1.5,1.8,5.4,6.7,0.7,0.3,0.5,0.6,1.9,1.3,1.0,1.1,0.7,4.6,1.0,1.2,5.3,7.2,0.2,0.3,0.6
DMHDS0507,1.0,1.4,1.0,0.9,1.0,0.6,4.3,1.9,1.6,4.2,6.5,0.5,0.2,0.7,0.8,1.8,1.0,0.8,1.2,0.5,4.6,0.9,1.3,4.7,7.3,0.3,0.3,0.3
DMHDS0212,0.9,1.1,1.5,1.2,1.3,1.0,4.5,1.3,1.3,6.4,8.3,0.9,0.2,0.4,0.5,1.0,1.1,1.2,0.6,0.7,3.4,0.8,1.7,7.0,7.8,0.1,0.3,0.4
DMHDS0919,1.3,1.5,1.0,0.9,1.7,0.8,5.6,1.0,1.0,3.3,5.2,0.5,0.1,0.4,0.8,0.8,1.0,0.5,1.0,0.8,4.7,0.6,0.7,4.4,7.5,0.4,0.3,0.5
DMHDS0653,1.0,1.4,1.3,0.9,1.5,1.3,4.9,1.7,1.7,4.7,7.4,0.4,0.2,0.5,1.0,1.6,1.3,0.9,0.8,0.8,5.4,0.9,1.5,6.2,8.1,0.2,0.4,0.3
DMHDS0970,0.7,0.8,1.0,0.8,0.9,0.7,4.7,1.6,0.8,4.1,6.3,0.5,0.3,0.2,1.5,0.8,0.9,0.8,0.9,0.6,4.6,0.6,1.1,5.0,6.5,0.5,0.4,0.3
DMHDS0551,1.0,1.3,1.2,1.0,1.6,1.1,5.6,1.1,1.7,3.6,7.0,0.7,0.2,0.2,1.1,1.4,1.2,1.0,1.1,0.9,5.4,0.5,1.1,3.9,7.2,0.3,0.4,0.3
DMHDS0295,0.8,0.9,0.8,1.0,1.0,0.5,3.8,1.0,0.8,4.3,6.5,0.5,0.2,0.2,0.4,1.0,0.8,1.0,0.8,0.4,2.9,0.8,0.9,4.4,6.8,0.4,0.3,0.1
DMHDS0824,1.1,0.8,0.8,1.1,1.7,0.7,5.1,1.3,0.7,4.4,7.4,0.6,0.2,0.1,0.5,0.9,0.9,1.0,0.8,0.5,4.4,0.8,1.1,5.1,6.7,0.3,0.9,0.2
DMHDS1050,1.0,1.2,0.9,1.2,0.7,0.6,4.3,0.9,1.3,4.5,6.5,0.6,0.2,0.2,0.6,1.3,1.0,0.8,0.8,0.4,3.3,0.5,0.8,4.6,7.6,0.3,0.1,0.2
DMHDS1061,0.9,1.0,1.0,0.7,1.2,0.8,3.6,1.2,0.8,3.8,6.0,0.3,0.2,0.3,0.8,0.8,0.9,0.5,0.8,0.7,3.3,0.7,0.8,3.7,6.5,0.4,0.1,0.2
DMHDS0497,0.8,0.9,1.2,1.1,1.8,0.9,5.9,1.3,2.1,5.0,6.3,0.5,0.2,0.5,0.8,1.2,1.3,0.9,0.9,0.9,7.0,1.0,1.8,4.6,7.6,0.3,0.2,0.2
DMHDS0832,0.7,0.7,0.7,0.7,1.2,0.7,4.7,1.8,0.9,2.9,5.4,0.2,0.5,0.7,0.9,1.1,0.8,0.8,0.9,0.6,4.7,0.6,0.6,3.0,5.3,0.2,0.2,0.5
DMHDS0958,0.8,1.3,1.2,1.2,1.6,0.8,6.0,1.6,1.9,4.1,7.4,0.5,0.8,0.5,0.5,1.8,1.1,0.8,1.5,1.0,5.3,0.7,1.1,4.0,6.9,0.2,0.3,0.2
