ID,VS.5mm.L_GainAntGrCtrlAnt,VS.5mm.L_SmGainAntGrCtrlAnt,VS.5mm.L_LgGainAntGrCtrlAnt,VS.5mm.R_GainAntGrCtrlAnt,VS.5mm.R_SmGainAntGrCtrlAnt,VS.5mm.R_LgGainAntGrCtrlAnt,VS.10mm.L_GainAntGrCtrlAnt,VS.10mm.L_SmGainAntGrCtrlAnt,VS.10mm.L_LgGainAntGrCtrlAnt,VS.10mm.R_GainAntGrCtrlAnt,VS.10mm.R_SmGainAntGrCtrlAnt,VS.10mm.R_LgGainAntGrCtrlAnt
DMHDS1118,-0.151026,-0.26059,-0.041462,-0.096573,-0.078256,-0.11489,-0.038252,-0.165532,0.089029,0.02099,-0.06837,0.11035
DMHDS0417,0.656106,0.673847,0.638365,0.575291,0.468301,0.682281,0.59512,0.422002,0.768239,0.622392,0.521878,0.722905
DMHDS1122,-0.164138,-0.167553,-0.160723,-0.102942,-0.104705,-0.101179,-0.059477,-0.160635,0.041682,-0.007259,-0.009506,-0.005011
DMHDS0376,1.056112,0.747007,1.365217,0.79559,0.66411,0.92707,0.990378,0.707746,1.27301,0.954882,0.777565,1.132199
DMHDS0270,0.127551,-0.001946,0.257048,0.270676,0.37475,0.166603,0.189151,0.094282,0.28402,0.22503,0.214716,0.235343
DMHDS0516,-0.119859,-0.413064,0.173346,-0.126762,-0.200258,-0.053265,-0.236437,-0.453137,-0.019737,-0.124335,-0.236888,-0.011781
DMHDS0333,0.225307,0.208706,0.241908,0.401502,0.30127,0.501734,0.307609,0.180055,0.435163,0.23852,0.185921,0.291118
DMHDS0393,1.180739,1.125595,1.235883,0.612347,0.43972,0.784974,0.685063,0.59034,0.779785,0.364228,0.152394,0.576062
DMHDS0266,0.515729,0.600811,0.430647,-0.046567,-0.07318,-0.019954,0.185966,0.242031,0.129901,-0.061467,-0.060879,-0.062056
DMHDS0230,0.226567,0.047214,0.405919,0.144784,-0.073515,0.363083,0.210868,0.111586,0.310151,0.169339,0.02283,0.315848
DMHDS0297,0.28364,0.200454,0.366825,0.081077,0.0589,0.103254,0.215173,0.196382,0.233965,0.156763,0.108006,0.20552
DMHDS0250,0.166489,0.163149,0.169828,0.315288,0.281149,0.349428,0.097575,0.018726,0.176424,0.219082,0.187503,0.250661
DMHDS0362,-0.011195,-0.133218,0.110828,0.236138,0.124319,0.347957,-0.067828,-0.165867,0.030211,0.099901,-0.013572,0.213374
DMHDS0371,0.261282,-0.075487,0.59805,0.053021,0.028602,0.07744,0.149037,-0.04581,0.343884,0.033473,0.037586,0.029359
DMHDS0308,-0.077018,-0.150778,-0.003257,-0.081763,-0.152333,-0.011192,-0.042494,-0.081323,-0.003665,-0.013562,-0.053739,0.026614
DMHDS0224,0.136045,0.020683,0.251408,0.221264,0.071872,0.370656,0.243564,0.080207,0.406921,0.276901,0.041377,0.512424
DMHDS0213,-0.130251,-0.201912,-0.05859,-0.181043,-0.168413,-0.193672,-0.195223,-0.085373,-0.305072,-0.136061,0.040632,-0.312754
DMHDS0225,-0.055585,-0.382017,0.270847,-0.171063,-0.311177,-0.030949,-0.017274,-0.271381,0.236833,0.170219,0.010008,0.33043
DMHDS0210,-0.025876,-0.066176,0.014424,0.22977,0.175158,0.284382,-0.000486,-0.016203,0.015231,0.125771,0.11901,0.132533
DMHDS0247,0.481114,0.535276,0.426953,0.15714,-0.011064,0.325345,0.444023,0.438625,0.449421,0.127139,-0.094976,0.349255
DMHDS0338,0.260435,0.074065,0.446805,0.326399,0.125322,0.527477,0.23448,-0.028778,0.497737,0.328162,0.110874,0.545449
DMHDS0234,0.396443,0.418177,0.374709,0.33979,0.233713,0.445867,0.269103,0.184552,0.353653,0.314205,0.210352,0.418059
DMHDS1223,-0.399421,-0.804764,0.005921,-0.112076,-0.362508,0.138357,0.092801,-0.195141,0.380744,0.217583,-0.022571,0.457738
DMHDS0384,-0.002173,0.003419,-0.007764,0.27882,0.373657,0.183984,0.071316,-0.038514,0.181147,-0.035451,0.026384,-0.097285
DMHDS0206,0.089731,-0.039077,0.218538,-0.062207,-0.286355,0.161941,0.028991,-0.143202,0.201184,0.024041,-0.212918,0.260999
DMHDS0336,-0.196533,-0.008434,-0.384633,0.054406,0.185817,-0.077006,-0.162065,-0.004394,-0.319736,0.060402,0.232734,-0.111929
DMHDS0375,0.527747,0.507377,0.548117,0.482446,0.396835,0.568056,0.450258,0.336844,0.563673,0.422503,0.372198,0.472808
DMHDS0318,0.070122,0.067874,0.072369,0.066128,0.014258,0.117998,0.036012,-0.015422,0.087445,0.105793,0.07786,0.133726
DMHDS0396,0.392824,0.079898,0.705749,0.411694,0.055532,0.767855,0.247826,-0.047793,0.543445,0.305964,0.080939,0.530989
DMHDS0256,0.103755,0.142245,0.065264,-0.071515,0.026428,-0.169457,0.115322,0.125135,0.10551,-0.052267,-0.047424,-0.057111
DMHDS0325,0.169104,0.003598,0.33461,0.113234,-0.046845,0.273312,0.046462,-0.098468,0.191393,-0.013986,-0.102986,0.075014
DMHDS0233,0.293598,0.261261,0.325935,0.398223,0.298296,0.498151,0.14663,0.112706,0.180554,0.173143,0.086441,0.259845
DMHDS0253,-0.09811,-0.227852,0.031632,-0.540896,-0.639045,-0.442747,-0.102385,-0.19139,-0.01338,-0.275351,-0.398019,-0.152684
DMHDS0245,0.062457,-0.117995,0.242908,0.114597,-0.028714,0.257907,0.116074,0.041892,0.190256,0.22112,0.133455,0.308784
DMHDS0323,0.226403,0.248976,0.20383,0.289624,0.214601,0.364648,0.291973,0.274442,0.309504,0.35479,0.248972,0.460608
DMHDS0348,0.283026,0.408441,0.157611,0.021545,0.200004,-0.156913,0.143697,0.149368,0.138026,0.154471,0.229253,0.07969
DMHDS0365,0.284963,0.314189,0.255738,0.075258,0.012079,0.138437,0.283446,0.388201,0.178691,0.162365,0.120113,0.204616
DMHDS0335,-0.016861,0.084533,-0.118255,0.105191,0.04088,0.169501,0.008879,0.071052,-0.053293,0.089072,0.096735,0.08141
DMHDS0328,0.21791,-0.044516,0.480335,0.193115,0.063183,0.323047,0.248641,0.10671,0.390573,0.260739,0.101274,0.420204
DMHDS0326,0.450539,0.313573,0.587505,0.367187,0.227196,0.507179,0.301827,0.200434,0.403219,0.317463,0.219213,0.415713
DMHDS0215,0.437483,0.26466,0.610306,-0.07178,-0.147432,0.003871,0.346834,0.192602,0.501065,0.003847,-0.066068,0.073762
DMHDS0889,0.130771,0.06378,0.197763,0.175546,0.098792,0.2523,0.119251,0.035133,0.20337,0.133575,0.069535,0.197615
DMHDS0214,0.209811,0.068851,0.350771,0.408492,0.38518,0.431805,0.087681,0.047407,0.127956,0.255333,0.233468,0.277197
DMHDS0267,0.265455,0.186339,0.344572,0.35886,0.341066,0.376654,0.256461,0.251708,0.261213,0.251864,0.211606,0.292123
DMHDS0310,0.224727,0.173032,0.276422,0.219205,0.242189,0.19622,-0.084245,-0.067077,-0.101412,0.040367,0.080511,0.000223
DMHDS0249,0.230413,0.07283,0.387997,0.015797,-0.186012,0.217606,0.14196,0.037169,0.246751,-0.020783,-0.158499,0.116933
DMHDS0240,0.148801,0.128159,0.169442,0.236241,0.258759,0.213724,0.190375,0.167299,0.213452,0.230615,0.248016,0.213214
DMHDS0968,0.112873,0.107659,0.118087,-0.019689,0.055147,-0.094525,-0.019368,-0.02524,-0.013496,0.015839,0.094606,-0.062928
DMHDS0284,0.069388,0.024351,0.114425,0.242075,0.219246,0.264903,0.170922,0.094556,0.247288,0.349517,0.307677,0.391358
DMHDS0291,0.411487,0.406816,0.416158,0.202544,0.057442,0.347646,0.202696,0.196474,0.208919,0.107973,0.011064,0.204881
DMHDS0350,0.344291,0.123544,0.565039,0.062513,-0.117604,0.24263,0.392182,0.206657,0.577706,0.189541,0.015681,0.363402
DMHDS0345,-0.071944,-0.290079,0.146191,0.236792,0.036329,0.437255,0.105076,-0.116248,0.3264,0.030231,-0.113081,0.173544
DMHDS0343,0.030338,-0.145185,0.20586,-0.052071,-0.179807,0.075664,0.228764,0.116086,0.341443,0.093732,-0.035446,0.22291
DMHDS0332,0.053226,-0.006534,0.112985,0.292626,0.30274,0.282512,0.066663,0.030609,0.102716,0.176572,0.159588,0.193556
DMHDS0309,-0.089916,-0.161586,-0.018247,-0.094218,-0.176651,-0.011785,0.015652,-0.066941,0.098245,0.043563,0.005671,0.081455
DMHDS0386,0.163624,0.218531,0.108716,-0.045787,0.019506,-0.11108,0.078031,0.08697,0.069092,0.030014,0.053217,0.006811
DMHDS0339,-0.050451,-0.05174,-0.049163,-0.122992,-0.104748,-0.141235,0.046375,0.102253,-0.009503,0.014402,0.021479,0.007325
DMHDS0347,0.167426,0.301244,0.033608,0.141663,0.286959,-0.003633,0.0889,0.175835,0.001964,0.08762,0.119289,0.05595
DMHDS0341,0.35393,0.065736,0.642124,0.431964,0.082351,0.781577,0.368202,0.14815,0.588255,0.314957,0.064335,0.56558
DMHDS0232,0.134057,-0.072235,0.340349,0.29678,-0.009149,0.602709,0.030471,-0.126556,0.187498,0.11281,-0.053269,0.278888
DMHDS0254,0.269122,0.261461,0.276783,0.324682,0.250729,0.398635,0.22942,0.222557,0.236284,0.315059,0.266118,0.364
DMHDS0409,0.085097,0.029166,0.141029,0.23783,0.268871,0.206789,0.112851,0.103197,0.122505,0.090639,0.07333,0.107949
DMHDS0287,0.133067,0.284359,-0.018225,0.244571,0.310546,0.178596,0.210203,0.301479,0.118926,0.245145,0.272047,0.218244
DMHDS0237,0.139257,0.07515,0.203365,-0.262968,-0.355554,-0.170381,0.036595,-0.032661,0.105851,-0.244733,-0.275546,-0.21392
DMHDS0244,-0.01802,0.081458,-0.117499,-0.072015,0.006484,-0.150513,0.069269,0.199553,-0.061015,0.089681,0.162019,0.017343
DMHDS0400,0.29838,0.044467,0.552292,0.511239,0.504015,0.518463,0.303065,0.162221,0.443909,0.384946,0.328435,0.441457
DMHDS0385,0.220131,-0.0111,0.451361,0.347246,0.330569,0.363922,0.205343,0.124182,0.286503,0.348259,0.395827,0.300691
DMHDS0361,0.219282,0.147957,0.290608,0.376784,0.282834,0.470734,0.25979,0.153035,0.366545,0.29724,0.163296,0.431185
DMHDS0274,0.306317,0.417106,0.195528,0.188266,0.071549,0.304982,0.307371,0.366136,0.248606,0.191901,0.162838,0.220965
DMHDS0288,0.473471,0.271274,0.675669,0.297612,0.405705,0.18952,0.288678,0.146997,0.430358,0.185003,0.222493,0.147514
DMHDS0369,0.222108,0.222351,0.221865,0.359987,0.372046,0.347928,0.180003,0.237567,0.122438,0.348353,0.337775,0.358931
DMHDS0314,0.009974,-0.183721,0.203669,0.164334,0.020158,0.308509,0.08717,-0.037806,0.212146,0.205972,0.118494,0.29345
DMHDS0391,0.24742,0.47609,0.01875,0.378983,0.462504,0.295462,0.105454,0.191278,0.01963,0.221026,0.27408,0.167973
DMHDS0235,0.727634,0.558821,0.896448,0.639839,0.650805,0.628873,0.422182,0.390667,0.453697,0.400292,0.429239,0.371345
DMHDS0363,-0.09387,-0.103091,-0.084649,0.246381,0.161746,0.331016,-0.0409,-0.066588,-0.015212,0.115855,0.00769,0.224019
DMHDS0368,0.367164,0.013774,0.720553,0.520791,0.317082,0.724499,0.194742,-0.007718,0.397201,0.380273,0.268014,0.492533
DMHDS0259,-0.095832,-0.021723,-0.169942,-0.033505,0.014957,-0.081967,-0.156092,-0.114318,-0.197867,-0.040263,-0.015511,-0.065015
DMHDS0236,0.365715,0.277262,0.454169,0.122004,-0.052423,0.296431,0.216734,0.081519,0.351949,0.178576,0.051972,0.305181
DMHDS0387,0.114871,-0.01112,0.240863,0.04241,-0.055399,0.140219,0.032007,-0.012984,0.076998,-0.053885,-0.15305,0.04528
DMHDS0330,0.440883,0.273082,0.608684,0.258168,0.022723,0.493613,0.390341,0.207474,0.573208,0.24628,0.138354,0.354206
DMHDS0317,0.008384,-0.08029,0.097058,0.006386,-0.118277,0.131048,-0.062092,-0.096755,-0.02743,0.000212,-0.071138,0.071562
DMHDS0344,-0.010949,-0.15403,0.132133,0.032789,0.016058,0.04952,-0.083349,-0.131254,-0.035443,-0.05683,-0.062106,-0.051553
DMHDS0406,0.618429,0.652587,0.584271,0.312866,0.312962,0.312771,0.662944,0.65911,0.666779,0.48295,0.453286,0.512614
DMHDS0778,0.394302,0.371889,0.416716,0.105449,-0.012324,0.223223,0.232832,0.284458,0.181207,0.225473,0.150904,0.300042
DMHDS0390,-0.001903,-0.032725,0.028919,-0.029484,-0.003429,-0.05554,0.035435,0.008933,0.061937,0.053752,0.016801,0.090704
DMHDS0264,0.338309,0.365076,0.311541,0.251432,0.361982,0.140882,0.127439,0.11024,0.144639,0.05453,0.109922,-0.000862
DMHDS1021,0.280538,0.233085,0.327992,0.658534,0.619836,0.697233,0.118549,0.160578,0.076521,0.448078,0.385653,0.510504
DMHDS1230,0.033958,-0.095689,0.163605,0.360738,0.21913,0.502345,0.026916,-0.09725,0.151083,0.252754,0.085826,0.419682
DMHDS20299,0.312903,0.004855,0.620951,0.277572,-0.001726,0.556869,0.385413,0.177737,0.593089,0.271093,-0.021942,0.564127
DMHDS1133,0.078832,0.144586,0.013077,0.168091,-0.139152,0.475334,0.096536,0.102451,0.090621,0.13299,-0.067689,0.333668
DMHDS20482,0.026666,-0.000133,0.053466,0.113413,0.053169,0.173656,0.102837,0.010538,0.195135,0.094679,0.022625,0.166732
DMHDS0784,0.091763,0.115442,0.068083,-0.094615,-0.059491,-0.129739,-0.009443,0.029771,-0.048656,-0.104701,-0.058744,-0.150658
DMHDS0349,0.331593,0.245967,0.417219,0.063961,-0.068776,0.196697,0.27547,0.138662,0.412277,0.138804,-0.007091,0.2847
DMHDS0918,0.147691,0.113949,0.181433,-0.036298,-0.039984,-0.032612,0.08337,0.050008,0.116731,-0.080739,-0.091815,-0.069662
DMHDS20399,0.084079,-0.093188,0.261346,0.303543,0.182144,0.424943,0.242219,-0.034393,0.518831,0.258894,0.041267,0.476521
DMHDS0702,0.141282,-0.12467,0.407234,0.267969,0.031962,0.503976,0.089746,-0.031308,0.2108,0.325922,0.102446,0.549399
DMHDS0299,0.225795,0.155588,0.296002,0.227017,0.075299,0.378735,0.230988,0.128486,0.33349,0.200112,0.048017,0.352206
DMHDS0717,0.216847,0.126542,0.307152,0.047623,-0.102093,0.19734,0.14408,0.080268,0.207891,0.096119,-0.039831,0.232068
DMHDS0774,0.297813,0.267947,0.327678,0.248844,0.214879,0.28281,0.126386,0.076907,0.175865,0.142782,0.052431,0.233133
DMHDS0226,0.208453,0.082277,0.334629,0.562677,0.57189,0.553465,0.27386,0.15726,0.39046,0.343148,0.313837,0.372459
DMHDS0540,0.112849,-0.077548,0.303247,0.193405,0.071621,0.315189,0.198993,0.007816,0.39017,0.240153,0.046881,0.433425
DMHDS20349,0.154329,0.177622,0.131036,0.229179,0.1538,0.304558,0.305122,0.406304,0.203941,0.229787,0.195474,0.2641
DMHDS0903,-0.109002,-0.102332,-0.115672,-0.121024,-0.280223,0.038175,0.018821,0.018792,0.018849,-0.031709,-0.145652,0.082234
DMHDS0399,0.119064,-0.175816,0.413944,0.093666,0.043671,0.143661,0.055024,-0.055132,0.16518,-0.002429,-0.093262,0.088404
DMHDS20223,0.24693,0.273322,0.220538,0.039307,0.181057,-0.102443,0.249676,0.17056,0.328793,0.060611,0.06787,0.053351
DMHDS0223,-0.282561,-0.527207,-0.037916,-0.281906,-0.543681,-0.020132,-0.334185,-0.623401,-0.044968,-0.092797,-0.318445,0.132852
DMHDS0205,0.124258,0.140757,0.107759,0.148708,0.242727,0.054689,0.048647,0.108897,-0.011604,0.120353,0.170171,0.070536
DMHDS0500,0.08434,0.005126,0.163554,0.10397,0.061435,0.146504,0.072176,0.080325,0.064027,0.034436,0.012717,0.056154
DMHDS1221,0.20752,0.216373,0.198668,0.037617,0.065687,0.009548,0.147256,0.10832,0.186193,-0.006232,-0.0078,-0.004663
DMHDS20702,0.147409,-0.077484,0.372302,0.171545,0.044625,0.298466,0.270543,0.015071,0.526014,0.346229,0.19248,0.499978
DMHDS20540,0.080375,0.081724,0.079026,0.139349,0.131586,0.147113,0.10399,0.089027,0.118953,0.19414,0.11284,0.27544
DMHDS21133,0.193029,0.084035,0.302023,0.136792,-0.010426,0.284011,0.275182,0.135643,0.414722,0.259454,0.125379,0.393529
DMHDS20774,0.470882,0.244539,0.697226,0.359299,0.184159,0.534439,0.331718,0.169075,0.494361,0.364668,0.176117,0.55322
DMHDS20918,0.153946,0.042246,0.265645,0.331669,0.225912,0.437425,0.119492,0.009059,0.229926,0.131742,0.023737,0.239747
DMHDS21230,0.491632,0.361359,0.621905,0.376443,0.136202,0.616683,0.289246,0.145766,0.432725,0.242449,0.015765,0.469134
DMHDS20717,0.22524,0.142459,0.308022,0.041836,-0.070329,0.154001,0.127994,0.033107,0.222881,0.117733,0.041564,0.193902
DMHDS20903,0.173089,0.08304,0.263137,0.076081,-0.021806,0.173968,0.061305,-0.048144,0.170754,0.011669,-0.085187,0.108526
DMHDS21021,0.360482,0.384601,0.336362,0.727321,0.307259,1.147382,0.296428,0.410024,0.182832,0.383959,0.179318,0.5886
DMHDS21181,-0.202897,-0.360054,-0.04574,-0.089963,-0.166884,-0.013043,-0.160032,-0.259196,-0.060868,-0.047738,-0.122872,0.027396
DMHDS21221,0.413663,0.366472,0.460854,0.192243,0.085493,0.298992,0.420471,0.354274,0.486668,0.16936,0.054743,0.283978
DMHDS20500,0.595013,0.566418,0.623608,0.586161,0.653044,0.519278,0.374597,0.323125,0.42607,0.452318,0.411086,0.49355
DMHDS20784,0.132825,0.084508,0.181141,0.105987,0.068116,0.143858,0.083293,0.013508,0.153078,0.058058,0.040552,0.075564
DMHDS0305,0.220926,0.182821,0.25903,0.263249,0.136824,0.389674,0.335281,0.257715,0.412846,0.180655,0.016264,0.345045
DMHDS0364,-0.021811,0.053905,-0.097528,0.040406,0.146333,-0.065521,0.036874,0.069818,0.003931,0.092303,0.107513,0.077093
DMHDS0373,0.231892,0.153606,0.310178,0.363609,0.399591,0.327628,0.122089,0.076437,0.167741,0.187366,0.136579,0.238153
DMHDS0397,0.057711,0.079938,0.035484,0.451981,0.636492,0.26747,0.062252,0.035023,0.089482,0.343556,0.39266,0.294452
DMHDS0398,0.462237,0.273422,0.651051,0.214893,-0.103329,0.533116,0.385504,0.155677,0.61533,0.220736,-0.005681,0.447152
DMHDS0448,-0.092021,-0.041836,-0.142205,-0.103043,-0.066512,-0.139575,0.010062,-0.001869,0.021994,-0.0111,-0.003823,-0.018378
DMHDS0426,0.306151,0.261744,0.350559,-0.256799,-0.449222,-0.064375,0.259215,0.304081,0.214349,-0.024804,-0.09999,0.050382
DMHDS0529,0.459319,0.240315,0.678322,0.193983,0.137828,0.250139,0.394832,0.13563,0.654033,0.176028,0.120734,0.231322
DMHDS0442,0.519585,0.699185,0.339984,0.583199,0.592781,0.573617,0.266256,0.2481,0.284413,0.345079,0.340728,0.349429
DMHDS0549,-0.13483,-0.149629,-0.12003,-0.072808,-0.112376,-0.03324,-0.109746,-0.196353,-0.023139,-0.116028,-0.133645,-0.098411
DMHDS0461,0.139464,0.058157,0.220772,-0.018526,-0.055918,0.018865,0.061205,0.068424,0.053986,0.122491,0.15299,0.091992
DMHDS0575,0.111622,0.069695,0.15355,0.124522,0.161671,0.087374,0.200099,0.112021,0.288176,0.171074,0.149342,0.192807
DMHDS0672,0.214635,0.219676,0.209593,0.157399,0.002319,0.312479,0.043475,0.056458,0.030492,0.058355,-0.050145,0.166856
DMHDS0563,0.097425,0.111848,0.083002,-0.135124,-0.163206,-0.107042,0.283302,0.289305,0.2773,0.106654,0.04338,0.169929
DMHDS0627,0.015955,-0.022659,0.054568,0.002532,0.049379,-0.044315,0.077926,0.011814,0.144037,0.082546,0.043897,0.121195
DMHDS0634,0.670844,0.393798,0.947891,0.535853,0.417441,0.654264,0.471492,0.170548,0.772437,0.489875,0.237194,0.742555
DMHDS0735,0.564501,0.599374,0.529627,0.284905,0.221221,0.34859,0.40012,0.435171,0.36507,0.2443,0.211654,0.276946
DMHDS0737,0.27516,0.206375,0.343944,0.418208,0.291619,0.544797,0.313953,0.244652,0.383253,0.285148,0.160119,0.410178
DMHDS0673,0.282695,0.365875,0.199515,0.165679,0.105385,0.225973,0.140683,0.146111,0.135255,0.19048,0.039924,0.341036
DMHDS0747,0.081073,0.063644,0.098502,0.071613,0.022387,0.120838,0.172405,0.093493,0.251318,0.216315,-0.007621,0.440252
DMHDS0754,-0.095367,-0.156207,-0.034527,-0.036079,-0.081455,0.009296,0.013281,0.031622,-0.005061,0.025974,0.021646,0.030302
DMHDS0765,0.006478,-0.087322,0.100277,-0.07214,-0.143336,-0.000943,0.073177,0.043155,0.103198,-0.039679,-0.115141,0.035783
DMHDS0796,0.149696,0.015209,0.284182,0.14543,0.025791,0.265068,0.112026,-0.035093,0.259145,0.13815,-0.000678,0.276978
DMHDS0771,0.160854,0.086247,0.235462,0.20507,0.181799,0.228341,0.142726,0.061368,0.224084,0.247432,0.218792,0.276072
DMHDS0799,0.228752,0.214104,0.2434,0.087618,0.035475,0.13976,0.237421,0.192093,0.28275,0.109028,0.043471,0.174585
DMHDS0803,0.349387,0.201674,0.4971,0.374832,0.38829,0.361374,0.274207,0.235861,0.312553,0.247917,0.248086,0.247749
DMHDS0818,0.215931,-0.014396,0.446259,0.248607,0.094662,0.402553,0.073555,-0.114634,0.261743,0.049765,-0.066755,0.166285
DMHDS0798,0.084798,0.017481,0.152115,0.328873,0.39686,0.260886,0.161314,0.153486,0.169142,0.10844,0.040373,0.176507
DMHDS0797,0.378238,0.345881,0.410596,0.55078,0.441973,0.659587,0.294318,0.255551,0.333086,0.361525,0.21392,0.509131
DMHDS0826,0.232448,0.04078,0.424116,0.218798,-0.01538,0.452977,0.210651,0.077731,0.34357,0.258202,0.040974,0.47543
DMHDS0850,0.491264,0.345083,0.637445,0.254102,0.231698,0.276506,0.343447,0.286642,0.400252,0.335206,0.367276,0.303136
DMHDS0859,0.371449,0.302299,0.440599,0.060341,-0.042157,0.162839,0.287745,0.152118,0.423371,0.113571,-0.044778,0.27192
DMHDS0865,0.190191,0.003761,0.37662,0.22686,0.130243,0.323476,0.192211,0.011738,0.372685,0.255523,0.047832,0.463215
DMHDS0874,0.316905,0.120041,0.513768,0.058043,-0.008101,0.124186,0.229377,0.062332,0.396423,0.218067,0.061864,0.37427
DMHDS0916,-0.159497,-0.605787,0.286793,0.000644,-0.113434,0.114723,-0.115079,-0.21372,-0.016438,0.039604,0.076807,0.002401
DMHDS0964,0.406952,0.260149,0.553755,0.205352,0.109315,0.301389,0.268021,0.118929,0.417113,0.172364,0.049813,0.294915
DMHDS0893,-0.157461,-0.281752,-0.03317,-0.11986,-0.039326,-0.200394,-0.007163,-0.059994,0.045667,-0.048134,-0.076416,-0.019853
DMHDS0900,0.202254,0.293016,0.111492,0.308669,0.377571,0.239768,0.131147,0.166898,0.095395,0.191125,0.246113,0.136138
DMHDS0974,-0.384552,-0.439341,-0.329763,-0.311948,-0.573138,-0.050758,-0.304303,-0.279696,-0.328909,-0.3754,-0.48512,-0.26568
DMHDS1037,0.510655,0.594375,0.426936,0.389551,0.508176,0.270925,0.227906,0.274787,0.181025,0.273003,0.320905,0.225102
DMHDS0991,0.276919,0.282537,0.271301,-0.096124,-0.206893,0.014644,0.161833,0.146871,0.176795,0.003825,-0.042195,0.049845
DMHDS1053,0.109906,0.102148,0.117663,-0.211904,-0.149823,-0.273986,0.086756,0.039655,0.133857,0.07347,0.076353,0.070588
DMHDS1060,0.099504,0.017077,0.181931,0.306329,0.314103,0.298555,0.005532,-0.020701,0.031764,0.1585,0.162467,0.154534
DMHDS1055,-0.04049,-0.31265,0.23167,0.023595,0.003776,0.043415,0.185095,0.01005,0.360139,0.293757,0.20608,0.381434
DMHDS1114,-0.246389,-0.402646,-0.090132,0.051062,-0.077926,0.18005,-0.085284,-0.163917,-0.006651,0.093908,-0.026974,0.214791
DMHDS0987,0.1557,0.128931,0.182469,0.215911,0.059979,0.371843,0.115691,0.112049,0.119333,0.043269,-0.04614,0.132678
DMHDS1106,0.198661,0.172007,0.225314,0.590361,0.274958,0.905764,0.244444,0.283001,0.205887,0.305411,0.165531,0.44529
DMHDS1209,0.547948,0.213813,0.882082,0.09722,0.093026,0.101414,0.313921,0.056699,0.571142,0.196852,0.085278,0.308427
DMHDS1182,0.29414,0.179432,0.408848,0.36358,0.15883,0.568329,0.246023,0.140068,0.351978,0.334276,0.237225,0.431328
DMHDS1197,-0.218693,0.02443,-0.461816,-0.004787,0.043474,-0.053049,-0.037349,0.053741,-0.128438,0.056152,0.133627,-0.021323
DMHDS1211,0.319397,0.149322,0.489472,0.003922,-0.188719,0.196564,0.133326,-0.06524,0.331891,0.092964,-0.079449,0.265377
DMHDS0512,0.052504,-0.021431,0.12644,0.067767,-0.049219,0.184754,0.115384,-0.02297,0.253737,0.158614,-0.068547,0.385775
DMHDS0464,0.319703,0.117609,0.521797,0.302769,0.075917,0.52962,0.213285,0.048351,0.378219,0.271203,0.151077,0.39133
DMHDS0856,0.581229,0.427411,0.735046,0.430285,0.372874,0.487696,0.460658,0.351903,0.569414,0.412864,0.316954,0.508774
DMHDS0498,-0.059273,-0.157295,0.038748,-0.080778,-0.053336,-0.10822,0.005136,-0.067014,0.077287,0.026583,0.027745,0.025421
DMHDS1191,0.262129,0.234649,0.289609,0.281815,0.316266,0.247364,0.249083,0.207998,0.290167,0.197593,0.242489,0.152697
DMHDS0871,0.588553,0.089037,1.088068,0.390733,0.318281,0.463185,0.460067,-0.013299,0.933433,0.370266,0.188533,0.552
DMHDS0908,-0.097982,-0.196473,0.000509,-0.065403,-0.200575,0.069769,0.029823,-0.04577,0.105415,-0.128737,-0.160957,-0.096517
DMHDS0961,0.252781,0.007363,0.4982,0.355903,0.206755,0.505051,0.249965,0.135111,0.364819,0.411667,0.274422,0.548912
DMHDS1109,0.185033,0.164659,0.205407,0.159199,0.025049,0.293349,0.123377,-0.001596,0.248349,0.068076,-0.111377,0.247529
DMHDS0616,-0.003441,-0.183085,0.176203,-0.163232,-0.162577,-0.163886,-0.070576,-0.125862,-0.015289,-0.136933,-0.123625,-0.150242
DMHDS1225,0.48646,0.424746,0.548174,0.402497,0.414915,0.39008,0.027634,-0.120424,0.175692,0.322031,0.319183,0.324879
DMHDS1176,0.403006,0.326054,0.479959,0.113662,-0.058814,0.286139,0.213347,0.104166,0.322528,0.04987,-0.130825,0.230566
DMHDS0433,0.24992,0.09876,0.40108,0.231347,0.097216,0.365478,0.156985,0.015334,0.298636,0.206034,0.081918,0.33015
DMHDS0876,0.062003,-0.014911,0.138918,0.333238,0.191773,0.474703,0.042813,0.00371,0.081916,0.318608,0.174668,0.462549
DMHDS0847,0.134641,0.03168,0.237603,-0.103507,-0.172983,-0.034032,0.105376,0.04177,0.168983,-0.057856,-0.105678,-0.010035
DMHDS0476,0.348667,0.280772,0.416561,-0.06245,-0.213461,0.088561,0.131286,0.06903,0.193542,0.07869,-0.001636,0.159017
DMHDS0794,0.469584,0.078513,0.860654,0.342878,0.001028,0.684729,0.333522,0.021928,0.645116,0.177433,-0.076876,0.431742
DMHDS0655,0.299202,0.173923,0.424482,-0.007553,-0.298471,0.283366,0.072289,0.043501,0.101076,-0.104356,-0.225231,0.016518
DMHDS1162,0.091818,-0.077426,0.261063,-0.039932,-0.362547,0.282684,0.29079,0.164201,0.41738,0.186603,-0.119302,0.492508
DMHDS0725,0.109875,0.080897,0.138853,0.079231,0.057394,0.101068,-0.022232,-0.050507,0.006044,0.152055,0.151224,0.152887
DMHDS0732,0.465193,0.387441,0.542944,0.347461,0.333752,0.36117,0.225749,0.229363,0.222136,0.158994,0.157271,0.160716
DMHDS0750,0.036238,0.030604,0.041873,0.145589,0.208182,0.082996,0.022499,0.025334,0.019664,0.21814,0.23003,0.20625
DMHDS1181,0.070386,-0.020135,0.160908,0.351633,0.24162,0.461645,0.062577,-0.072279,0.197433,0.158076,-0.022903,0.339054
DMHDS0221,0.197427,0.130873,0.263982,0.253079,0.242064,0.264095,0.206167,0.180781,0.231554,0.170836,0.146887,0.194784
DMHDS0208,-0.091596,-0.081455,-0.101736,-0.032108,0.086143,-0.150359,-0.088904,-0.21617,0.038363,-0.110496,-0.142377,-0.078615
DMHDS0219,0.108552,0.047843,0.16926,0.218208,0.251706,0.18471,0.125792,0.056108,0.195475,0.185462,0.158833,0.212091
DMHDS0241,-0.047819,0.071455,-0.167093,0.085839,0.052977,0.118701,0.119446,0.272822,-0.033929,0.128996,0.193225,0.064768
DMHDS0252,0.239489,0.192297,0.286682,0.074805,0.078356,0.071254,0.140158,0.121236,0.15908,0.053993,0.075674,0.032311
DMHDS0248,0.247488,0.115679,0.379296,0.155701,0.164015,0.147387,0.228323,0.163671,0.292975,0.073136,0.084059,0.062214
DMHDS0231,0.241036,0.283838,0.198234,0.286142,0.339323,0.232961,0.121854,0.087535,0.156173,0.074487,-0.013779,0.162753
DMHDS0263,-0.160549,-0.116281,-0.204817,0.083004,0.009776,0.156233,-0.244883,-0.201849,-0.287916,-0.051726,-0.168963,0.065512
DMHDS0279,0.064181,-0.16649,0.294851,-0.034965,-0.252593,0.182663,-0.003834,-0.118349,0.11068,0.119017,0.004806,0.233228
DMHDS0307,0.51544,0.279961,0.75092,0.526493,0.232658,0.820328,0.352964,0.165856,0.540073,0.419108,0.208821,0.629395
DMHDS0283,-0.122825,-0.174722,-0.070929,0.071782,0.175882,-0.032318,-0.124984,-0.092243,-0.157725,-0.004526,0.010827,-0.019879
DMHDS0294,-0.098194,-0.101577,-0.09481,-0.086582,0.03229,-0.205455,-0.043485,-0.086302,-0.000668,0.12159,0.213165,0.030014
DMHDS0372,0.034915,-0.149398,0.219229,0.32472,0.232803,0.416636,0.048174,-0.089561,0.18591,0.144196,-0.00604,0.294432
DMHDS0352,0.332574,0.444982,0.220167,0.462855,0.656953,0.268756,0.441044,0.520955,0.361133,0.4123,0.494147,0.330453
DMHDS0405,0.500001,0.348416,0.651586,0.408694,0.176861,0.640527,0.416451,0.30146,0.531443,0.408045,0.208773,0.607318
DMHDS0395,0.313071,0.127779,0.498363,0.20427,0.151723,0.256818,0.162754,0.085347,0.240161,0.187956,0.133904,0.242009
DMHDS0381,-0.091797,-0.153922,-0.029671,0.105651,0.076207,0.135095,-0.035398,-0.110136,0.039341,-0.010038,-0.084629,0.064554
DMHDS0413,0.110346,0.015334,0.205357,0.038415,-0.013931,0.09076,0.061174,-0.043306,0.165654,0.023991,-0.002926,0.050908
DMHDS0416,0.28135,0.155589,0.407112,0.378997,0.239143,0.518852,0.316517,0.212211,0.420824,0.449592,0.337503,0.56168
DMHDS0418,0.181589,0.123841,0.239338,0.685161,0.673682,0.69664,0.304848,0.355171,0.254525,0.644545,0.641219,0.647872
DMHDS0415,-0.012981,-0.057186,0.031224,-0.056533,-0.1219,0.008834,-0.087031,-0.221542,0.04748,-0.033141,-0.11204,0.045757
DMHDS0422,0.11591,0.086851,0.144968,0.340726,0.227459,0.453994,0.156461,0.1756,0.137322,0.22474,0.176638,0.272842
DMHDS0427,-0.243543,0.067082,-0.554169,-0.485794,-0.288762,-0.682827,-0.112724,0.025653,-0.251101,-0.314542,-0.184758,-0.444325
DMHDS0420,0.066784,0.033593,0.099975,-0.179237,-0.32153,-0.036944,0.030485,0.029325,0.031645,-0.045176,-0.166244,0.075893
DMHDS0436,0.039345,-0.239134,0.317824,0.547477,0.377918,0.717036,0.131249,-0.072841,0.33534,0.342884,0.253309,0.432459
DMHDS0431,0.200512,0.040042,0.360983,0.321886,0.244285,0.399488,0.192796,0.057688,0.327904,0.245147,0.157338,0.332955
DMHDS0429,0.292763,0.143009,0.442517,0.156177,-0.021333,0.333687,0.172433,0.07316,0.271706,0.194403,0.082041,0.306765
DMHDS0446,0.182913,0.176953,0.188874,0.135574,0.185297,0.085851,0.16167,0.070324,0.253016,0.175479,0.123461,0.227497
DMHDS0439,0.148997,0.058457,0.239538,0.047671,-0.059832,0.155174,0.15327,0.127319,0.179221,0.188339,0.087192,0.289487
DMHDS0437,-0.045581,0.065845,-0.157008,-0.082278,0.058184,-0.222741,0.001558,0.057649,-0.054533,-0.008054,0.033427,-0.049535
DMHDS0441,0.248154,0.129437,0.366871,0.440225,0.435268,0.445182,0.202629,0.144753,0.260504,0.201551,0.110323,0.292778
DMHDS0456,0.282697,0.342072,0.223322,-0.079087,-0.349099,0.190925,0.399504,0.403968,0.395041,0.014663,-0.062571,0.091898
DMHDS0451,0.236683,0.105998,0.367368,0.230037,0.116456,0.343618,0.120274,-0.012766,0.253315,0.131266,0.018632,0.2439
DMHDS0462,0.223981,0.010622,0.43734,0.163559,0.101839,0.225279,0.182251,0.08976,0.274742,0.103937,0.031273,0.176601
DMHDS0465,0.110316,-0.101691,0.322323,0.348908,0.220479,0.477336,0.221464,0.04891,0.394018,0.285296,0.106809,0.463784
DMHDS0468,-0.190653,-0.228499,-0.152807,-0.110342,-0.039999,-0.180685,-0.13457,-0.121873,-0.147267,-0.132406,-0.104819,-0.159994
DMHDS0466,0.301721,0.206708,0.396733,0.183204,0.025916,0.340493,0.289294,0.172794,0.405794,0.323611,0.164776,0.482447
DMHDS0477,0.380014,0.358825,0.401203,0.061693,0.009004,0.114382,0.12423,-0.009506,0.257966,-0.043054,-0.068878,-0.01723
DMHDS0473,0.590629,0.340699,0.84056,0.401345,-0.00679,0.809481,0.463626,0.249283,0.677969,0.252446,-0.06893,0.573822
DMHDS0471,0.122248,0.24041,0.004085,0.11155,0.235634,-0.012534,0.121043,0.21376,0.028327,0.096932,0.173478,0.020385
DMHDS0470,-0.001284,-0.074221,0.071654,0.163679,-0.035452,0.362811,0.036532,-0.080479,0.153544,0.075061,-0.050625,0.200747
DMHDS0486,0.58947,0.477576,0.701364,0.653798,0.57126,0.736337,0.401487,0.260314,0.542659,0.550041,0.404125,0.695958
DMHDS0482,0.092958,0.015398,0.170517,0.253006,0.183904,0.322109,0.313339,0.209409,0.41727,0.263391,0.105369,0.421412
DMHDS0489,0.224635,0.193024,0.256247,0.199743,0.130299,0.269187,0.25285,0.179054,0.326645,0.143314,0.116767,0.169862
DMHDS0487,0.149522,0.085896,0.213148,0.049212,0.001843,0.096582,0.200063,0.155574,0.244553,0.189814,0.13219,0.247438
DMHDS0492,0.230692,0.198861,0.262524,0.248659,0.339035,0.158283,0.329876,0.32964,0.330111,0.191464,0.294531,0.088397
DMHDS0491,0.041029,-0.029735,0.111792,0.055997,0.088401,0.023594,0.083422,0.111381,0.055462,0.134634,0.157404,0.111863
DMHDS0494,0.307095,0.074704,0.539487,0.460339,0.263481,0.657197,0.098587,-0.109449,0.306623,0.196667,-0.040079,0.433412
DMHDS0493,-0.103408,-0.252427,0.04561,0.272215,0.353264,0.191166,0.048524,0.025808,0.071239,0.24453,0.27926,0.2098
DMHDS0496,0.466363,0.32238,0.610345,0.609931,0.410158,0.809705,0.460007,0.308461,0.611553,0.557654,0.410945,0.704363
DMHDS0506,0.109466,0.094471,0.124462,0.158409,0.191916,0.124901,0.200927,0.144365,0.257488,0.291033,0.220826,0.361239
DMHDS0505,0.398127,0.336826,0.459428,0.086788,0.065947,0.107629,0.438533,0.417224,0.459841,0.145231,0.155219,0.135242
DMHDS0509,0.437039,0.503648,0.370431,0.396433,0.501419,0.291447,0.462222,0.484091,0.440354,0.395911,0.340226,0.451595
DMHDS0513,0.198193,0.438623,-0.042238,0.15768,0.362879,-0.047519,0.16394,0.315638,0.012242,0.138933,0.242886,0.03498
DMHDS0521,0.353936,0.363358,0.344514,0.373875,0.299153,0.448597,0.23757,0.219846,0.255294,0.268947,0.223553,0.314341
DMHDS0523,0.381516,0.508757,0.254276,0.209588,0.276181,0.142996,0.354656,0.427759,0.281554,0.193245,0.182746,0.203745
DMHDS0527,0.157702,0.054383,0.261021,0.167716,0.070111,0.265321,0.185889,0.114179,0.257598,0.20392,0.147345,0.260494
DMHDS0528,0.177919,0.117844,0.237993,-0.168877,-0.133228,-0.204526,0.117698,0.024924,0.210472,-0.035705,-0.087802,0.016393
DMHDS0525,-0.135775,-0.121609,-0.149942,-0.069656,-0.154354,0.015042,-0.058741,-0.082501,-0.034981,-0.116294,-0.194925,-0.037663
DMHDS0530,-0.395534,-0.666627,-0.124441,-0.389993,-0.457437,-0.322548,-0.332708,-0.622073,-0.043344,-0.26414,-0.424986,-0.103294
DMHDS0532,-0.043144,-0.270806,0.184519,0.167746,0.085124,0.250367,0.051829,-0.077288,0.180946,0.100444,0.029854,0.171033
DMHDS0535,0.110414,0.365,-0.144173,-0.203486,0.075901,-0.482874,0.093101,0.349596,-0.163394,-0.127468,0.120062,-0.374998
DMHDS0538,-0.034468,-0.277492,0.208556,0.548573,0.414169,0.682976,0.057437,-0.107462,0.222336,0.422685,0.308861,0.536508
DMHDS0536,0.038193,-0.051263,0.127649,-0.348091,-0.472328,-0.223853,-0.062426,-0.108236,-0.016617,-0.183232,-0.190483,-0.175981
DMHDS0542,0.305682,0.177271,0.434094,0.421815,0.292372,0.551258,0.231051,0.113671,0.348431,0.27114,0.171856,0.370423
DMHDS0541,0.112132,0.151003,0.073261,-0.129949,-0.075201,-0.184697,-0.065063,-0.088254,-0.041873,-0.054955,-0.015407,-0.094502
DMHDS0546,-0.041884,-0.228896,0.145128,0.047639,-0.184221,0.279499,0.020651,-0.023028,0.064329,0.006763,-0.088517,0.102044
DMHDS0556,0.209658,0.130665,0.288652,0.174199,0.039833,0.308566,0.244561,0.182188,0.306934,0.205366,0.113964,0.296768
DMHDS0559,0.166742,0.056036,0.277448,-0.103109,-0.201709,-0.004508,0.08573,-0.027884,0.199344,-0.074047,-0.169083,0.020989
DMHDS0550,0.276532,0.159949,0.393115,0.198898,0.114138,0.283659,0.00072,-0.084793,0.086234,0.01334,-0.009918,0.036598
DMHDS0561,-0.036741,-0.0251,-0.048382,0.230123,0.135557,0.324689,-0.112753,-0.160739,-0.064767,0.103518,0.028601,0.178436
DMHDS0564,0.137483,0.192443,0.082523,0.165058,0.082872,0.247244,0.169479,0.207022,0.131937,0.234624,0.167202,0.302046
DMHDS0560,0.537912,0.520947,0.554878,0.71256,0.600766,0.824354,0.399533,0.351705,0.447361,0.440453,0.341429,0.539476
DMHDS0566,0.588229,0.427527,0.748932,0.499245,0.428982,0.569509,0.482114,0.364513,0.599715,0.377971,0.278685,0.477256
DMHDS0565,0.317692,0.250813,0.384571,0.119771,-0.051884,0.291427,0.171311,0.044738,0.297883,0.005483,-0.120692,0.131657
DMHDS0571,0.362387,0.10118,0.623595,0.225289,0.021672,0.428906,0.33394,0.113119,0.554761,0.236375,0.037367,0.435383
DMHDS0567,0.297188,0.353999,0.240377,0.049664,-0.07693,0.176257,0.246129,0.239768,0.25249,0.073325,0.023039,0.12361
DMHDS0570,0.206584,0.25072,0.162449,0.023348,0.042534,0.004161,0.115396,0.08846,0.142332,-0.052496,-0.099748,-0.005244
DMHDS0572,-0.10698,-0.527579,0.313619,-0.085496,-0.288229,0.117236,-0.017704,-0.387192,0.351784,-0.172071,-0.485388,0.141245
DMHDS0573,0.198145,0.18055,0.21574,0.109945,0.305818,-0.085928,0.084488,0.112624,0.056353,0.115122,0.270487,-0.040242
DMHDS0577,-0.020328,-0.023639,-0.017016,0.050809,-0.031203,0.132822,-0.024481,-0.112371,0.06341,-0.087922,-0.231269,0.055426
DMHDS0580,0.246961,0.087483,0.406439,0.009194,-0.055393,0.073781,0.196366,0.026121,0.366612,0.041817,-0.097401,0.181035
DMHDS0582,-0.253552,-0.161493,-0.345611,-0.268365,-0.274964,-0.261766,-0.098695,-0.063636,-0.133754,-0.170643,-0.19403,-0.147255
DMHDS0581,0.016721,-0.117409,0.15085,-0.262068,-0.214355,-0.309781,0.092915,0.137168,0.048663,-0.14181,-0.065422,-0.218199
DMHDS0593,-0.12465,-0.231407,-0.017893,0.189548,0.219139,0.159956,-0.133436,-0.259484,-0.007388,-0.056407,-0.143004,0.030189
DMHDS0587,0.037558,0.000724,0.074393,0.181283,0.027831,0.334734,0.182558,0.185752,0.179364,0.364589,0.295424,0.433754
DMHDS0583,0.436969,0.359589,0.514349,0.570687,0.450073,0.691301,0.415326,0.330589,0.500062,0.463734,0.343482,0.583985
DMHDS0596,0.340131,0.353784,0.326478,0.481215,0.465415,0.497015,0.1221,0.102623,0.141577,0.262556,0.215029,0.310083
DMHDS0594,0.221761,0.140705,0.302817,0.173553,0.098225,0.248881,0.135792,0.064812,0.206771,0.232993,0.098721,0.367265
DMHDS0601,0.175306,0.030171,0.320441,0.264864,0.124191,0.405536,0.194041,0.110081,0.278,0.188609,0.04737,0.329848
DMHDS0604,0.057324,-0.257567,0.372216,-0.041456,-0.266576,0.183665,-0.03965,-0.378774,0.299474,0.007315,-0.207116,0.221745
DMHDS0605,0.238828,0.283337,0.19432,0.090076,0.072209,0.107943,0.080235,0.130949,0.029521,0.056993,0.040593,0.073392
DMHDS0603,0.394073,0.438793,0.349352,0.282465,0.289057,0.275874,0.17412,0.211197,0.137043,0.195176,0.206743,0.18361
DMHDS0607,0.352989,0.38297,0.323007,0.249815,0.207413,0.292218,0.150661,0.080686,0.220635,0.198476,0.128131,0.268822
DMHDS0608,-0.59688,-0.344916,-0.848844,-0.800784,-0.306001,-1.295568,-0.347519,-0.218962,-0.476077,-0.473308,-0.020778,-0.925837
DMHDS0620,0.137457,0.071897,0.203018,0.192522,0.101954,0.28309,0.112211,0.070174,0.154247,0.11597,0.09544,0.1365
DMHDS0612,0.18649,0.177609,0.195372,-0.121167,-0.068807,-0.173527,-0.022405,-0.033334,-0.011477,-0.274406,-0.303431,-0.24538
DMHDS0609,0.274819,0.171134,0.378503,0.487644,0.406288,0.568999,0.29377,0.158324,0.429216,0.310619,0.121347,0.499891
DMHDS0623,0.241753,0.226473,0.257033,0.345195,0.296168,0.394222,0.481821,0.46052,0.503122,0.341029,0.302295,0.379762
DMHDS0630,0.338616,0.290657,0.386575,0.303897,0.250623,0.357171,0.308851,0.297637,0.320064,0.291082,0.29087,0.291295
DMHDS0631,0.123917,0.187166,0.060668,0.355653,0.42241,0.288896,0.040775,0.051571,0.029979,0.17765,0.224696,0.130604
DMHDS0632,-0.036867,0.032329,-0.106063,-0.310186,-0.26481,-0.355561,0.168956,0.324929,0.012983,-0.054803,0.078623,-0.188229
DMHDS0635,0.320904,0.131037,0.510772,0.239008,0.01262,0.465395,0.266905,0.064636,0.469175,0.141367,-0.019747,0.30248
DMHDS0636,0.31297,0.280276,0.345665,0.408102,0.215919,0.600284,0.320931,0.300066,0.341797,0.36274,0.242409,0.483072
DMHDS0641,0.27059,0.201826,0.339354,-0.004254,0.002505,-0.011012,0.057602,-0.003702,0.118906,-0.022154,0.006227,-0.050536
DMHDS0637,0.031682,-0.121931,0.185295,0.049189,0.078454,0.019924,-0.009171,-0.051427,0.033086,-0.096119,-0.088083,-0.104155
DMHDS0645,-0.091394,-0.132351,-0.050436,-0.126062,0.00664,-0.258764,-0.013461,-0.045343,0.018422,-0.022417,0.07319,-0.118023
DMHDS0658,0.488968,0.187475,0.790461,0.610445,0.394856,0.826034,0.447966,0.235505,0.660427,0.522947,0.350254,0.695641
DMHDS0661,0.085168,-0.051478,0.221814,0.079109,0.04005,0.118168,0.043489,-0.050894,0.137873,0.029466,-0.021332,0.080263
DMHDS0651,0.076162,-0.132277,0.2846,-0.153395,-0.218863,-0.087926,0.267782,0.188202,0.347362,0.063025,-0.043882,0.169932
DMHDS0662,0.336028,0.166457,0.505599,0.108747,-0.191153,0.408648,0.240346,0.105971,0.374721,0.065018,-0.059401,0.189437
DMHDS0667,-0.036342,-0.016617,-0.056066,0.018051,0.065283,-0.029181,0.109644,0.074252,0.145035,0.089861,0.102742,0.07698
DMHDS0668,0.293326,0.159316,0.427336,0.539431,0.383997,0.694865,0.253466,0.181669,0.325263,0.49144,0.33726,0.64562
DMHDS0664,0.0544,-0.024196,0.132996,0.031635,0.039028,0.024242,0.038773,-0.011334,0.088881,0.052182,0.055675,0.048688
DMHDS0666,0.219163,-0.00376,0.442087,0.252726,0.166663,0.338789,0.12367,-0.15487,0.40221,0.060228,-0.124847,0.245302
DMHDS0669,-0.137682,-0.144001,-0.131362,-0.115851,0.028473,-0.260174,-0.017157,-0.017939,-0.016374,-0.027832,-0.001451,-0.054213
DMHDS0674,0.288618,0.172112,0.405125,0.117518,0.053405,0.181632,0.483706,0.344718,0.622695,0.314053,0.173437,0.454668
DMHDS0671,0.154585,0.047121,0.26205,0.166044,0.022793,0.309294,0.079262,-0.046453,0.204978,0.077624,-0.025225,0.180472
DMHDS0693,0.173051,0.143517,0.202584,0.000605,0.033051,-0.03184,0.107554,0.130431,0.084677,0.158494,0.057439,0.259549
DMHDS0691,0.208806,0.223267,0.194346,0.248114,0.15884,0.337388,0.156823,0.117727,0.195918,0.192566,0.117233,0.267899
DMHDS0681,-0.021296,0.039286,-0.081878,0.151295,0.139534,0.163056,-0.077094,-0.047546,-0.106641,0.038977,0.011806,0.066148
DMHDS0683,0.135854,-0.051285,0.322994,0.314159,0.065392,0.562926,0.265381,0.04399,0.486773,0.252874,-0.016711,0.522458
DMHDS0678,0.172063,0.28565,0.058475,0.160343,0.162403,0.158283,0.163633,0.214157,0.113108,0.082769,0.133942,0.031596
DMHDS0695,0.201339,-0.057628,0.460306,0.488829,0.315413,0.662244,0.18062,0.079953,0.281287,0.369705,0.214034,0.525376
DMHDS0696,0.354103,0.375753,0.332453,0.175324,0.303314,0.047333,0.273509,0.270586,0.276433,0.207811,0.243793,0.17183
DMHDS0709,0.378084,0.46509,0.291077,0.0302,0.163623,-0.103222,0.174586,0.175282,0.173889,0.069072,0.08284,0.055304
DMHDS0718,0.090748,0.044929,0.136567,0.04165,-0.061745,0.145046,0.079928,0.042223,0.117632,0.087666,0.009716,0.165617
DMHDS0698,0.092163,0.177589,0.006738,0.028603,0.282567,-0.225362,0.041689,0.066694,0.016683,-0.022801,0.151181,-0.196784
DMHDS0707,0.320855,0.226492,0.415219,-0.003756,-0.169568,0.162056,0.244039,0.15365,0.334427,0.124991,-0.007586,0.257569
DMHDS0719,0.200955,0.274333,0.127578,0.336563,0.54615,0.126976,0.243389,0.293616,0.193162,0.222223,0.338252,0.106194
DMHDS0723,0.010519,0.002605,0.018433,0.00611,-0.009326,0.021545,-0.236913,-0.278705,-0.195121,-0.223809,-0.239893,-0.207725
DMHDS0724,0.186204,0.275897,0.09651,0.163487,0.213731,0.113243,0.249237,0.288648,0.209827,0.2423,0.260815,0.223786
DMHDS0733,0.204813,0.140884,0.268742,0.174451,0.121612,0.227291,0.099729,0.043893,0.155565,0.059721,0.014145,0.105296
DMHDS0728,-0.055851,-0.158783,0.04708,0.033571,-0.018991,0.086133,0.017642,-0.044269,0.079553,0.03987,-0.001867,0.081606
DMHDS0739,0.175104,0.076941,0.273267,0.170155,0.059995,0.280316,0.380065,0.303912,0.456217,0.265823,0.154326,0.37732
DMHDS0741,0.415157,0.526583,0.303732,0.38683,0.304613,0.469047,0.658218,0.574601,0.741834,0.464032,0.410026,0.518038
DMHDS0748,-0.023297,-0.035001,-0.011593,0.229591,0.150928,0.308253,0.036369,0.060917,0.011822,0.151464,0.10898,0.193948
DMHDS0742,0.085444,-0.207231,0.378119,0.384734,0.085489,0.683979,-0.057018,-0.259064,0.145029,0.209825,0.039339,0.380311
DMHDS0751,0.254864,0.16731,0.342419,0.297004,0.24458,0.349428,0.199438,0.148883,0.249993,0.220497,0.154503,0.28649
DMHDS0752,0.40928,0.388322,0.430238,0.218703,0.1056,0.331806,0.216097,0.243818,0.188375,0.266214,0.110464,0.421964
DMHDS0755,0.271616,0.079436,0.463796,0.260787,0.014912,0.506662,0.286225,0.06424,0.50821,0.145351,-0.035534,0.326236
DMHDS0757,-0.020346,-0.197896,0.157205,0.473959,0.222698,0.725221,0.065514,-0.07879,0.209818,0.428268,0.259895,0.596641
DMHDS0758,0.164945,0.070087,0.259802,0.167847,0.260558,0.075136,0.187337,0.010287,0.364387,0.293701,0.22835,0.359052
DMHDS0759,-0.156617,-0.269691,-0.043543,-0.012496,0.060956,-0.085948,-0.027051,-0.081733,0.027631,0.023886,0.119388,-0.071616
DMHDS0760,0.087655,0.181527,-0.006217,0.238324,0.225371,0.251278,0.182116,0.220982,0.14325,0.198955,0.215761,0.182148
DMHDS0768,0.053045,-0.004319,0.110409,-0.066686,-0.163545,0.030173,0.049113,0.004446,0.093779,0.044463,-0.012886,0.101812
DMHDS0769,0.418109,0.399935,0.436282,0.024752,0.175382,-0.125878,0.324644,0.320501,0.328788,0.026349,0.044124,0.008573
DMHDS0772,0.214649,0.029409,0.399889,0.237637,0.209002,0.266273,0.112764,-0.024994,0.250521,0.069896,0.018919,0.120873
DMHDS0775,0.184173,0.218016,0.150329,-0.118822,-0.107635,-0.130008,0.309552,0.336703,0.2824,0.140032,0.122715,0.157349
DMHDS0781,0.255356,0.143718,0.366994,0.222272,0.131598,0.312947,0.262153,0.241938,0.282369,0.185029,0.178287,0.191772
DMHDS0780,0.262722,0.179293,0.34615,0.073205,-0.051302,0.197712,0.276674,0.232855,0.320493,0.08995,-0.020169,0.20007
DMHDS0779,0.35229,0.230874,0.473706,0.356143,0.407131,0.305156,0.373378,0.279227,0.467529,0.424796,0.353576,0.496016
DMHDS0782,0.489631,0.697943,0.281319,0.369876,0.439794,0.299959,0.283203,0.328381,0.238025,0.195889,0.171611,0.220168
DMHDS0789,0.113476,0.196931,0.030021,0.102701,-0.081745,0.287147,0.384966,0.401541,0.368391,0.182629,0.057024,0.308234
DMHDS0790,0.100116,0.163419,0.036814,0.141258,0.248694,0.033822,-0.015744,-0.01298,-0.018508,0.119314,0.172393,0.066234
DMHDS0786,0.059854,-0.020438,0.140145,0.063686,0.119413,0.007958,0.06159,-0.061067,0.184247,0.234403,0.146127,0.322678
DMHDS0791,0.291534,0.314783,0.268285,0.296398,0.260069,0.332727,0.182383,0.193392,0.171374,0.208521,0.251775,0.165266
DMHDS0795,0.243809,0.03278,0.454838,0.59825,0.486608,0.709893,0.147432,-0.124902,0.419766,0.549875,0.327118,0.772631
DMHDS0792,0.002173,-0.133352,0.137699,0.237021,0.201371,0.272671,0.000196,-0.118878,0.11927,-0.01169,-0.10473,0.08135
DMHDS0800,0.264573,0.346241,0.182905,0.538321,0.550829,0.525813,0.383252,0.366654,0.39985,0.44029,0.558471,0.322109
DMHDS0801,0.28615,0.330582,0.241718,0.143471,0.07534,0.211602,0.331503,0.259211,0.403796,0.355285,0.256537,0.454033
DMHDS0809,0.221795,0.094972,0.348618,0.134342,0.096673,0.172011,0.122534,-0.068929,0.313997,-0.134173,-0.33152,0.063174
DMHDS0815,0.12316,0.046597,0.199723,0.289692,0.333513,0.245872,0.10271,0.07171,0.13371,0.22304,0.218646,0.227434
DMHDS0811,0.112679,0.184418,0.040941,0.180825,0.046394,0.315255,0.211669,0.110193,0.313144,0.261533,0.120741,0.402325
DMHDS0819,0.050736,-0.026084,0.127556,0.032928,0.095612,-0.029756,-0.046149,-0.140856,0.048559,-0.057677,-0.039846,-0.075507
DMHDS0825,0.21747,0.283249,0.15169,0.02432,-0.163961,0.212601,0.157496,0.095718,0.219274,0.083629,-0.016586,0.183845
DMHDS0828,0.380501,0.251129,0.509873,0.325527,0.138024,0.513029,0.301575,0.164894,0.438256,0.336985,0.195485,0.478485
DMHDS0830,0.134066,0.12997,0.138163,0.220573,0.200381,0.240764,0.178534,0.167643,0.189426,0.155573,0.110796,0.20035
DMHDS0831,0.253004,0.202432,0.303576,0.131517,-0.034914,0.297948,0.147487,0.046557,0.248416,0.283433,0.224683,0.342182
DMHDS0834,0.388724,0.259286,0.518163,0.273673,0.247249,0.300097,0.290598,0.15118,0.430016,0.361838,0.290203,0.433472
DMHDS0837,0.23082,0.2313,0.23034,0.248387,0.274392,0.222382,0.217013,0.244264,0.189762,0.333191,0.38718,0.279203
DMHDS0840,0.1937,-0.075389,0.462789,0.399331,0.257294,0.541368,0.295556,0.01344,0.577672,0.472427,0.206925,0.73793
DMHDS0836,0.311499,0.057412,0.565585,0.029294,-0.230782,0.289371,0.126696,-0.039484,0.292876,0.051893,-0.069685,0.173472
DMHDS0835,-0.120431,-0.256755,0.015894,-0.300822,-0.417728,-0.183917,-0.222421,-0.371378,-0.073465,-0.21852,-0.30798,-0.12906
DMHDS0841,0.150163,0.064533,0.235793,0.163235,0.052088,0.274382,0.207207,0.075067,0.339346,0.172649,0.084587,0.260712
DMHDS0846,-0.031486,-0.115975,0.053003,0.079595,-0.008618,0.167807,0.076005,0.040068,0.111942,0.189804,0.109027,0.270582
DMHDS0848,-0.014338,0.06513,-0.093806,-0.057022,0.045121,-0.159166,-0.066908,0.056424,-0.19024,-0.148202,-0.153809,-0.142596
DMHDS0851,0.091114,-0.030792,0.21302,0.021466,-0.01243,0.055363,0.108185,-0.004305,0.220675,0.047502,-0.002732,0.097737
DMHDS0849,0.1076,-0.106408,0.321608,0.193992,0.102191,0.285793,0.16541,0.012837,0.317982,0.220844,0.138962,0.302727
DMHDS0852,0.328474,0.351425,0.305524,0.230291,0.270468,0.190113,0.447498,0.40366,0.491335,0.334351,0.270773,0.397929
DMHDS0853,0.190476,0.069544,0.311407,0.441557,0.208842,0.674272,0.321292,0.29215,0.350434,0.424664,0.278545,0.570784
DMHDS0858,0.189025,0.140409,0.237641,0.234191,0.026262,0.44212,0.059286,-0.060488,0.17906,0.158917,-0.026053,0.343887
DMHDS0866,0.332226,0.274211,0.390241,0.371554,0.393953,0.349155,0.260028,0.18292,0.337137,0.316218,0.266808,0.365628
DMHDS0867,-0.098592,-0.131879,-0.065304,-0.014293,-0.080584,0.051999,-0.027869,-0.109468,0.05373,0.008578,-0.127583,0.144738
DMHDS0868,-0.068629,-0.220802,0.083545,-0.189049,-0.277203,-0.100896,0.270181,0.07516,0.465203,0.095905,-0.063801,0.255612
DMHDS0873,-0.884976,-1.097692,-0.672261,-0.546653,-0.601718,-0.491588,-0.542888,-0.914439,-0.171337,-0.285621,-0.512209,-0.059034
DMHDS0888,0.02967,-0.032111,0.091452,0.448663,0.386434,0.510891,0.36343,0.367779,0.359081,0.480065,0.398208,0.561922
DMHDS0898,-0.135085,0.020044,-0.290215,0.057049,0.137398,-0.0233,0.017045,0.070311,-0.036222,0.088823,0.130936,0.04671
DMHDS0885,0.086928,0.004667,0.169189,0.376136,0.226591,0.525682,0.094134,0.015941,0.172327,0.301163,0.245948,0.356378
DMHDS0895,0.03215,-0.147684,0.211985,0.029806,-0.074749,0.134361,0.097045,0.022625,0.171465,0.024911,-0.082705,0.132526
DMHDS0902,0.258186,-0.00436,0.520732,0.454281,0.190977,0.717584,0.367048,0.097417,0.636679,0.34107,0.102945,0.579194
DMHDS0910,0.569493,0.282335,0.856651,0.572805,0.469571,0.676038,0.553631,0.427148,0.680114,0.351814,0.230968,0.47266
DMHDS0906,0.039727,-0.174538,0.253993,0.307473,0.189367,0.425579,0.040026,-0.146505,0.226558,0.235017,0.157866,0.312168
DMHDS0901,0.256337,0.020135,0.492539,0.268246,0.201127,0.335364,0.139672,-0.109894,0.389237,0.255518,0.182019,0.329018
DMHDS0912,0.203194,0.018986,0.387401,0.119367,-0.052777,0.291511,0.260084,0.080975,0.439192,0.265469,0.150863,0.380075
DMHDS0915,0.343282,0.236545,0.45002,-0.03789,-0.098221,0.022442,0.064166,-0.011104,0.139436,-0.058163,-0.140045,0.023719
DMHDS0917,0.041138,-0.009119,0.091395,0.45858,0.432976,0.484185,0.252545,0.157736,0.347354,0.412387,0.292322,0.532452
DMHDS0921,0.20948,0.133557,0.285403,0.011689,0.092372,-0.068993,0.356446,0.229471,0.483421,0.181072,0.094454,0.26769
DMHDS0922,-0.235688,-0.217443,-0.253934,-0.004095,0.029996,-0.038186,0.049737,0.074219,0.025254,0.238808,0.361339,0.116278
DMHDS0923,0.002005,-0.1176,0.121609,0.029341,-0.125941,0.184623,0.000933,-0.094475,0.096341,0.003958,-0.102187,0.110102
DMHDS0930,0.257839,0.057363,0.458315,0.428961,0.3149,0.543021,0.394041,0.307086,0.480997,0.387836,0.325148,0.450523
DMHDS0934,-0.063973,-0.035189,-0.092757,-0.358393,-0.349209,-0.367578,0.068793,0.098599,0.038986,-0.044646,-0.02081,-0.068483
DMHDS0933,0.099205,0.062038,0.136372,-0.264124,-0.5427,0.014452,0.149574,0.083356,0.215792,-0.125402,-0.339676,0.088873
DMHDS0927,0.374215,0.27686,0.47157,0.393934,0.200102,0.587766,0.408723,0.235706,0.581739,0.357977,0.159145,0.55681
DMHDS0936,0.098135,0.137348,0.058921,0.053197,0.023439,0.082955,0.14447,0.190001,0.09894,0.189099,0.182981,0.195217
DMHDS0937,0.424033,0.374658,0.473408,0.396256,0.323359,0.469152,0.363044,0.23154,0.494548,0.372888,0.147747,0.59803
DMHDS0942,0.263987,0.233912,0.294062,0.240362,0.273119,0.207604,0.305869,0.292935,0.318804,0.317774,0.315321,0.320227
DMHDS0944,0.271135,0.023917,0.518353,0.467313,0.271453,0.663173,0.272625,0.145687,0.399562,0.375463,0.229184,0.521742
DMHDS0945,0.626867,0.204112,1.049622,0.500635,0.237603,0.763668,0.466501,0.192054,0.740949,0.424908,0.175173,0.674644
DMHDS0946,0.812408,0.673766,0.951049,0.365386,0.19475,0.536023,0.571023,0.412,0.730045,0.38705,0.214914,0.559186
DMHDS0949,0.238399,0.163131,0.313667,0.203901,0.117941,0.289861,0.375152,0.267625,0.482679,0.202969,0.077609,0.32833
DMHDS0951,0.14666,-0.0055,0.298819,-0.092948,-0.393561,0.207664,0.069901,-0.085314,0.225117,-0.209246,-0.480814,0.062322
DMHDS0957,0.240435,0.014204,0.466666,0.359444,0.225534,0.493354,0.260448,0.147638,0.373258,0.268102,0.140122,0.396082
DMHDS0965,-0.122679,-0.060404,-0.184955,-0.042778,-0.027468,-0.058088,-0.077566,-0.063707,-0.091425,0.036501,0.027161,0.04584
DMHDS0969,0.040746,0.060619,0.020873,0.02646,-0.039324,0.092243,0.086434,0.080491,0.092377,0.128426,0.02767,0.229182
DMHDS0975,0.027022,0.085324,-0.03128,0.268558,0.240648,0.296469,0.10199,0.061236,0.142744,0.127873,0.141904,0.113842
DMHDS0973,-0.047023,-0.07562,-0.018427,0.063259,0.04694,0.079578,-0.044833,-0.05462,-0.035046,0.152667,0.135288,0.170047
DMHDS0976,-0.12555,-0.138616,-0.112483,-0.024761,0.014239,-0.063761,-0.014645,-0.006757,-0.022533,0.059671,0.092981,0.026362
DMHDS0980,0.517854,0.51064,0.525068,0.178302,0.189569,0.167035,0.448759,0.333485,0.564033,0.135102,0.106483,0.163721
DMHDS0984,0.103049,0.059612,0.146486,0.015162,0.031783,-0.001458,0.0106,-0.018216,0.039416,-0.03459,-0.003066,-0.066113
DMHDS0985,-0.027355,0.02057,-0.07528,0.290468,0.224404,0.356532,-0.028616,0.120873,-0.178105,0.139891,0.201969,0.077814
DMHDS0986,0.78917,0.649714,0.928626,0.77378,0.528948,1.018611,0.616819,0.459146,0.774491,0.596821,0.408783,0.78486
DMHDS0989,0.129561,0.077877,0.181245,-0.03447,-0.173448,0.104508,0.088379,-0.01428,0.191037,0.057386,-0.103938,0.218711
DMHDS1001,-0.052665,-0.136375,0.031045,0.192551,0.179725,0.205377,0.149416,0.157775,0.141057,0.239268,0.237058,0.241479
DMHDS1004,0.183033,0.030159,0.335908,0.289958,0.118139,0.461776,0.254103,0.188347,0.319858,0.424666,0.311026,0.538305
DMHDS1006,-0.061948,-0.062551,-0.061344,0.121243,0.070774,0.171712,-0.126133,-0.085922,-0.166343,0.078062,0.060638,0.095487
DMHDS1005,-0.076915,-0.047643,-0.106187,0.190539,0.218326,0.162752,0.019409,0.062664,-0.023846,0.026862,0.07938,-0.025656
DMHDS1007,-0.194286,-0.251184,-0.137389,-0.088763,-0.229265,0.051739,-0.037003,-0.054791,-0.019214,-0.06648,-0.117019,-0.015941
DMHDS1012,-0.043715,-0.103033,0.015603,0.044086,-0.192305,0.280477,-0.12966,-0.235648,-0.023672,0.05244,-0.138024,0.242905
DMHDS1017,0.113284,-0.03795,0.264519,0.203728,-0.019891,0.427347,0.131093,-0.03105,0.293236,0.18865,0.006664,0.370636
DMHDS1022,0.426849,0.263327,0.59037,0.203698,0.149236,0.25816,0.465047,0.329186,0.600908,0.263732,0.181552,0.345912
DMHDS1019,0.408382,0.189363,0.627402,0.213477,0.148881,0.278072,0.197928,-0.016768,0.412625,0.119891,-0.030337,0.27012
DMHDS1024,0.430016,0.179664,0.680368,0.258673,0.130242,0.387105,0.296898,0.114565,0.479232,0.371951,0.210917,0.532985
DMHDS1025,0.356794,0.416131,0.297456,0.193403,0.213738,0.173067,0.165287,0.153589,0.176985,0.034376,0.013081,0.055671
DMHDS1029,0.028601,0.023594,0.033609,0.108705,0.245192,-0.027782,-0.060027,-0.098276,-0.021779,0.000051,0.086108,-0.086006
DMHDS1028,0.300624,0.223428,0.37782,0.024558,0.035251,0.013865,0.32115,0.258203,0.384096,0.246119,0.211105,0.281133
DMHDS1040,0.635495,0.380179,0.890811,0.621879,0.375308,0.868449,0.56227,0.352221,0.772319,0.618168,0.419442,0.816895
DMHDS1043,0.031891,-0.002924,0.066706,0.139405,0.075375,0.203434,0.192574,0.117279,0.26787,0.212642,0.09852,0.326764
DMHDS1052,0.108352,-0.079061,0.295765,0.073065,-0.136251,0.282382,0.125531,-0.077702,0.328765,0.263228,0.05342,0.473037
DMHDS1051,0.227843,0.103415,0.352271,0.172012,0.207167,0.136857,0.201761,0.10974,0.293783,0.197464,0.20404,0.190889
DMHDS1046,0.441662,0.161379,0.721944,0.44938,0.244021,0.654739,0.44861,0.211631,0.68559,0.200386,-0.048702,0.449474
DMHDS1044,-0.07407,-0.090882,-0.057258,0.087459,-0.020213,0.195131,0.073111,0.023681,0.122541,0.173417,0.115253,0.23158
DMHDS1063,0.210078,0.10136,0.318796,0.256589,0.260117,0.25306,0.069266,-0.03571,0.174242,0.120238,0.130467,0.110008
DMHDS1059,0.014188,-0.071705,0.100082,0.051327,-0.038787,0.14144,0.06201,-0.042076,0.166096,0.06237,-0.07029,0.19503
DMHDS1070,0.214,0.256515,0.171484,0.381269,0.241751,0.520786,0.237313,0.219224,0.255402,0.250587,0.170996,0.330177
DMHDS1083,0.239169,0.001436,0.476901,0.320005,0.204851,0.435158,0.230631,0.053476,0.407785,0.30637,0.185309,0.427431
DMHDS1074,-0.015824,-0.267551,0.235903,-0.002787,-0.116462,0.110889,0.01959,-0.18712,0.226299,-0.063601,-0.230685,0.103483
DMHDS1091,0.547383,0.355788,0.738978,0.657762,0.474248,0.841277,0.361848,0.189407,0.534288,0.490424,0.356894,0.623954
DMHDS1092,0.063481,0.003143,0.123819,0.054737,0.092649,0.016824,0.068884,-0.013535,0.151304,0.1178,0.109278,0.126322
DMHDS1095,0.191388,0.149806,0.232971,0.020711,-0.065803,0.107225,0.039434,-0.053981,0.132849,-0.002527,-0.098203,0.093148
DMHDS1108,0.768276,0.556893,0.979659,0.559203,0.467199,0.651207,0.573242,0.385885,0.760598,0.463221,0.358392,0.56805
DMHDS1110,0.176213,0.015618,0.336809,-0.221469,-0.355414,-0.087523,0.124533,0.091325,0.157741,-0.000758,-0.135205,0.133689
DMHDS1112,0.514346,0.642082,0.38661,0.456878,0.397537,0.516219,0.595033,0.740503,0.449563,0.472434,0.433983,0.510885
DMHDS1113,0.684169,0.391612,0.976726,0.373401,0.284909,0.461892,0.518312,0.392948,0.643676,0.393934,0.313312,0.474555
DMHDS1137,0.602227,0.628966,0.575489,0.34296,0.31315,0.37277,0.529152,0.531529,0.526775,0.290628,0.226047,0.355208
DMHDS1138,0.282656,0.18612,0.379191,0.431651,0.30678,0.556522,0.110388,0.031489,0.189288,0.165929,0.045929,0.285929
DMHDS1134,-0.075882,-0.021835,-0.12993,0.088444,0.092103,0.084785,-0.050443,0.018379,-0.119266,0.117529,0.07027,0.164789
DMHDS1128,0.476989,0.67195,0.282027,0.006408,0.11318,-0.100364,0.370691,0.415397,0.325985,0.172446,0.247761,0.097132
DMHDS1150,0.053079,0.016836,0.089322,0.070731,0.024073,0.117389,0.096681,0.086582,0.10678,0.124491,0.08036,0.168623
DMHDS1155,0.3099,0.39588,0.223919,-0.0236,-0.003659,-0.04354,0.224663,0.241145,0.20818,0.066627,0.008743,0.124511
DMHDS1157,0.440248,0.404775,0.475722,0.257865,0.263036,0.252694,0.246071,0.173146,0.318995,0.310162,0.207066,0.413258
DMHDS1166,0.145053,0.123254,0.166853,0.105988,0.098199,0.113777,0.1306,0.0239,0.237299,0.077156,0.037103,0.117208
DMHDS1168,0.115948,0.030378,0.201518,-0.028735,-0.169942,0.112472,0.153436,0.027245,0.279627,-0.034943,-0.181384,0.111498
DMHDS1178,0.098811,0.20643,-0.008809,0.097486,0.160641,0.034332,-0.025655,0.041422,-0.092733,-0.038701,0.002118,-0.079521
DMHDS1190,0.277637,0.206942,0.348331,0.587587,0.311306,0.863868,0.365401,0.271112,0.45969,0.528368,0.377094,0.679642
DMHDS1185,0.066965,-0.042749,0.176679,0.091316,0.054433,0.128199,0.069793,0.057528,0.082058,0.071244,0.046099,0.096389
DMHDS1192,0.055145,0.070499,0.039791,0.105568,-0.059907,0.271044,0.118824,0.036686,0.200962,-0.055041,-0.168068,0.057986
DMHDS1193,0.215492,0.101353,0.329631,0.145857,0.111458,0.180255,0.208181,0.110889,0.305473,0.128355,0.023565,0.233144
DMHDS1195,0.179624,0.256949,0.102299,0.138289,0.219,0.057578,0.121862,0.06971,0.174015,0.219359,0.176527,0.26219
DMHDS1196,0.23441,0.460632,0.008188,-0.11559,0.328813,-0.559992,0.241181,0.35003,0.132331,0.077381,0.346393,-0.191631
DMHDS1204,0.213425,0.404951,0.0219,-0.354342,-0.102584,-0.6061,-0.03721,0.115712,-0.190131,-0.235802,-0.060726,-0.410877
DMHDS1208,-0.09573,-0.149802,-0.041659,-0.094592,-0.224849,0.035665,0.057528,-0.063272,0.178328,0.001694,-0.151429,0.154817
DMHDS1214,-0.005009,-0.127781,0.117763,-0.122707,-0.201,-0.044415,0.055337,-0.033731,0.144405,0.047838,-0.033307,0.128983
DMHDS1222,0.195317,0.06893,0.321703,0.21031,0.00076,0.41986,0.123113,-0.010424,0.256651,0.332133,0.150592,0.513673
DMHDS1224,0.251785,0.412349,0.091222,0.448771,0.571243,0.326299,-0.001705,0.09183,-0.09524,0.303564,0.429101,0.178027
DMHDS1231,0.228645,0.095555,0.361735,0.419465,0.24398,0.59495,0.225494,0.143026,0.307963,0.288857,0.184038,0.393677
DMHDS1237,0.303897,0.065995,0.541799,0.185776,-0.181519,0.553071,0.383761,0.226218,0.541304,0.208167,-0.028916,0.445249
DMHDS0337,0.134051,0.011727,0.256374,0.372657,0.28469,0.460625,0.059523,-0.069924,0.188969,0.243867,0.167142,0.320592
DMHDS0257,0.758356,0.563362,0.953351,0.427349,0.410893,0.443805,0.630431,0.404909,0.855953,0.451811,0.41177,0.491852
DMHDS1101,0.052236,0.160323,-0.055852,-0.206115,-0.015295,-0.396935,0.132059,0.163911,0.100208,-0.023217,0.018149,-0.064583
DMHDS21222,0.332913,0.069068,0.596757,0.212,0.067548,0.356452,0.325996,0.094209,0.557783,0.329763,0.170506,0.48902
DMHDS0745,0.012219,0.074868,-0.05043,-0.013901,-0.119299,0.091497,0.004855,-0.019798,0.029508,0.021675,-0.086178,0.129527
DMHDS1174,0.365371,0.472948,0.257794,0.48436,0.643492,0.325228,0.316665,0.369828,0.263502,0.327716,0.467692,0.18774
DMHDS0389,0.021195,-0.0146,0.05699,0.074056,0.068933,0.079178,0.028888,0.00143,0.056346,-0.011892,-0.004765,-0.01902
DMHDS0909,0.007599,0.054264,-0.039066,0.143525,0.231451,0.055599,0.076078,0.116312,0.035843,0.148588,0.203655,0.093521
DMHDS0684,0.262404,0.243051,0.281757,0.44613,0.477686,0.414575,0.070786,0.00134,0.140231,0.216975,0.165083,0.268867
DMHDS0331,0.346482,0.304545,0.388419,0.261378,0.170354,0.352402,0.20629,0.053083,0.359497,0.199869,0.079811,0.319927
DMHDS1135,0.31807,0.308043,0.328097,0.475954,0.485882,0.466027,0.357032,0.343712,0.370352,0.385413,0.435879,0.334948
DMHDS0588,-0.018198,-0.414295,0.377898,0.076601,-0.276315,0.429517,-0.090478,-0.442547,0.261591,0.164169,-0.184841,0.513178
DMHDS0598,0.290689,0.245717,0.33566,0.240664,0.066429,0.414899,0.291204,0.16154,0.420869,0.282111,0.144062,0.420161
DMHDS0595,0.074289,0.108971,0.039608,-0.13041,-0.162431,-0.098389,0.074907,0.122084,0.027731,-0.049131,-0.106047,0.007784
DMHDS0640,0.538187,0.302115,0.77426,0.667979,0.484759,0.851198,0.385618,0.191896,0.57934,0.427217,0.327766,0.526668
DMHDS1194,0.097814,0.10392,0.091709,0.053981,0.074766,0.033197,0.106698,0.032913,0.180483,-0.085431,-0.19334,0.022478
DMHDS0490,0.083245,0.058701,0.107788,-0.009166,-0.195983,0.177652,0.066762,0.00882,0.124704,0.041022,-0.081085,0.163128
DMHDS0479,0.148766,0.226165,0.071367,0.224125,0.292528,0.155723,0.128851,0.160068,0.097634,0.221636,0.213087,0.230186
DMHDS1102,0.26435,0.064997,0.463703,0.43853,0.295221,0.581839,0.233131,0.153035,0.313227,0.347396,0.25393,0.440862
DMHDS0499,-0.128238,-0.048134,-0.208342,0.078363,0.160973,-0.004248,-0.054073,-0.032231,-0.075915,0.091472,0.129432,0.053512
DMHDS0943,0.044046,-0.013721,0.101813,0.215423,0.235908,0.194937,0.041255,-0.009126,0.091636,0.15778,0.111282,0.204278
DMHDS0686,0.186061,-0.020981,0.393103,0.253199,0.208909,0.297488,0.167014,-0.040202,0.374229,0.25363,0.094727,0.412532
DMHDS0823,0.291361,0.164453,0.418268,0.002506,-0.106769,0.111781,0.142921,0.071386,0.214457,0.094628,0.009884,0.179372
DMHDS1058,0.318078,0.294432,0.341725,0.018654,-0.094965,0.132273,-0.024533,0.002372,-0.051438,0.015629,-0.108363,0.139621
DMHDS0306,0.189227,0.022755,0.355699,-0.040269,-0.136742,0.056204,0.136683,-0.089128,0.362493,0.052061,-0.089455,0.193576
DMHDS0435,0.117535,0.166616,0.068455,0.02933,0.00893,0.04973,0.186875,0.292998,0.080752,0.118887,0.155933,0.081841
DMHDS0298,-0.252542,-0.355879,-0.149206,0.019928,-0.092259,0.132114,-0.057064,-0.195688,0.08156,0.137179,0.064699,0.209659
DMHDS0924,0.290259,0.254266,0.326253,0.233483,0.196189,0.270777,0.260025,0.188898,0.331152,0.331554,0.235737,0.427372
DMHDS0268,-0.050478,0.116148,-0.217104,0.400034,0.586556,0.213512,-0.01762,0.113643,-0.148883,0.345476,0.49725,0.193702
DMHDS0251,0.233463,0.174771,0.292156,0.126794,0.093234,0.160354,0.193824,0.089828,0.29782,0.176187,0.116454,0.235921
DMHDS0676,0.094698,-0.14979,0.339186,0.254864,0.054607,0.455121,-0.084547,-0.237397,0.068302,0.304477,0.147002,0.461952
DMHDS0650,0.100578,0.187932,0.013224,-0.125312,-0.062776,-0.187848,0.075127,0.104835,0.045418,-0.105284,-0.071438,-0.139129
DMHDS0410,0.069823,0.149454,-0.009809,-0.04343,0.104877,-0.191738,0.23051,0.176881,0.284139,0.205134,0.235523,0.174745
DMHDS0255,0.552568,0.415532,0.689604,0.440149,0.494182,0.386117,0.388993,0.262416,0.515569,0.382058,0.369049,0.395066
DMHDS0265,0.537793,0.398451,0.677134,0.274215,0.137796,0.410633,0.322113,0.219204,0.425023,0.400179,0.328819,0.471538
DMHDS0720,-0.266332,-0.440692,-0.091971,0.279023,0.056794,0.501251,-0.108892,-0.177975,-0.039808,0.066607,-0.059775,0.192989
DMHDS0617,0.012031,0.145073,-0.12101,0.089107,0.24121,-0.062996,0.040423,0.119932,-0.039085,0.051325,0.132434,-0.029784
DMHDS0246,0.167081,-0.00634,0.340501,0.180891,0.109764,0.252017,0.163317,-0.063858,0.390492,0.17626,0.012597,0.339923
DMHDS1042,0.158186,-0.003655,0.320027,-0.080296,-0.19675,0.036159,0.295832,0.126937,0.464726,0.057173,-0.134419,0.248766
DMHDS0716,0.231486,0.210886,0.252086,0.094859,0.114905,0.074814,0.181702,0.08025,0.283154,0.11361,0.044502,0.182719
DMHDS0988,0.267279,0.138077,0.39648,0.337393,0.335137,0.339649,0.146656,0.031995,0.261318,0.173776,0.13396,0.213592
DMHDS1206,-0.137727,-0.085085,-0.190369,-0.019985,-0.101023,0.061052,-0.056914,-0.005242,-0.108585,-0.008551,-0.032013,0.014911
DMHDS0694,-0.20425,-0.337096,-0.071405,0.1714,0.014451,0.328349,-0.009291,-0.121945,0.103362,0.087233,-0.119076,0.293543
DMHDS1090,0.208108,0.168475,0.24774,0.302747,0.362933,0.24256,0.175327,0.234105,0.116549,0.301768,0.354645,0.248891
DMHDS2201,0.179078,0.107489,0.250666,-0.113573,-0.233295,0.006149,0.149581,0.064972,0.23419,0.00273,-0.065932,0.071392
DMHDS1120,0.397652,0.213157,0.582146,0.202663,0.120886,0.284441,0.277464,0.16322,0.391707,0.30141,0.239493,0.363328
DMHDS1096,-0.164802,-0.283615,-0.04599,-0.028745,-0.116143,0.058654,-0.105423,-0.205949,-0.004898,-0.017488,-0.066683,0.031708
DMHDS1103,0.00833,-0.024925,0.041584,-0.093632,0.018485,-0.205749,-0.07456,-0.102772,-0.046348,-0.020462,0.042845,-0.083769
DMHDS1219,0.138687,0.190794,0.086579,0.294991,0.438244,0.151738,0.336095,0.295793,0.376397,0.289752,0.314267,0.265237
DMHDS1057,0.497099,0.4045,0.589698,0.599718,0.520482,0.678953,0.414594,0.300706,0.528481,0.547471,0.390998,0.703944
DMHDS0228,-0.319856,-0.56212,-0.077591,-0.013897,-0.146783,0.11899,-0.113724,-0.228369,0.000922,-0.059162,-0.124963,0.006639
DMHDS0278,0.05519,-0.207708,0.318089,-0.06283,-0.234137,0.108477,0.128852,-0.094086,0.351789,-0.023793,-0.09785,0.050264
DMHDS0614,0.162969,0.094702,0.231236,0.072935,-0.139268,0.285138,0.266685,0.210337,0.323034,0.261709,0.086895,0.436523
DMHDS0864,0.277062,0.376933,0.177191,0.251084,0.231155,0.271014,0.199812,0.268183,0.13144,0.298653,0.294022,0.303285
DMHDS0615,-0.114761,-0.092357,-0.137164,-0.31769,-0.282497,-0.352883,-0.132215,-0.182531,-0.081899,-0.119904,-0.116603,-0.123206
DMHDS1078,0.075291,0.113902,0.03668,-0.008454,-0.08903,0.072122,0.129199,0.132772,0.125626,0.063274,-0.006993,0.133541
DMHDS0280,0.353047,0.274873,0.431222,0.406775,0.368218,0.445332,0.342316,0.277832,0.4068,0.370333,0.363619,0.377048
DMHDS0273,0.424205,0.411277,0.437133,0.451347,0.066073,0.83662,0.2424,0.203225,0.281576,0.270253,0.024502,0.516004
DMHDS0366,-1.708788,-0.821699,-2.595876,-1.995815,-1.447265,-2.544365,-0.457541,-0.140094,-0.774988,-0.72393,-0.61783,-0.83003
DMHDS0262,0.329471,0.02803,0.630911,0.215768,-0.097818,0.529353,0.385322,0.169503,0.601142,0.126868,-0.067123,0.320859
DMHDS0703,0.269549,0.247145,0.291954,0.246837,0.155027,0.338648,0.371143,0.369848,0.372437,0.297732,0.226596,0.368869
DMHDS0353,0.343868,0.299553,0.388183,0.189305,0.078638,0.299972,0.252624,0.152395,0.352852,0.145933,0.03344,0.258426
DMHDS0484,-0.007074,-0.080077,0.065929,0.178699,0.042521,0.314878,0.244899,0.170152,0.319646,0.169244,0.1203,0.218187
DMHDS1117,0.369415,0.447618,0.291212,0.343555,0.3597,0.32741,0.281812,0.371377,0.192247,0.321545,0.277401,0.365689
DMHDS0216,0.726825,0.61482,0.838831,0.430777,0.361522,0.500033,0.641884,0.496234,0.787534,0.499654,0.3808,0.618508
DMHDS1179,0.01657,-0.035697,0.068837,0.129483,0.033842,0.225125,0.16215,0.02288,0.301421,0.242037,0.119706,0.364368
DMHDS0619,-0.152569,-0.082491,-0.222647,0.079412,0.265916,-0.107091,-0.066144,-0.045003,-0.087284,0.058974,0.116743,0.001206
DMHDS0329,-0.197838,-0.670081,0.274404,0.10059,0.020207,0.180972,-0.167132,-0.325218,-0.009046,-0.012351,-0.080433,0.055732
DMHDS0624,-0.132648,-0.146854,-0.118442,0.146577,0.075024,0.218131,-0.210795,-0.228335,-0.193255,0.041311,-0.02922,0.111842
DMHDS0962,-0.411381,-0.407265,-0.415497,0.154242,0.16964,0.138845,-0.419514,-0.418182,-0.420846,-0.11158,-0.089576,-0.133584
DMHDS0379,-0.634618,-0.798313,-0.470923,-0.335921,-0.518327,-0.153515,-0.186691,-0.144116,-0.229266,0.113449,0.00783,0.219067
DMHDS0321,1.01878,0.91574,1.12182,1.154772,1.511194,0.79835,0.464997,0.434439,0.495555,0.556216,0.657118,0.455315
DMHDS0817,0.560823,0.35918,0.762466,0.384545,0.271088,0.498002,0.287835,0.086811,0.488859,0.278454,0.082736,0.474172
DMHDS0434,0.093302,0.04272,0.143884,0.042448,-0.01048,0.095377,0.033183,0.008382,0.057983,0.047816,0.056445,0.039187
DMHDS0948,-0.083953,-0.133099,-0.034807,-0.141897,-0.198483,-0.085312,-0.128095,-0.219527,-0.036663,-0.134636,-0.196837,-0.072435
DMHDS0501,-2.864929,-3.72143,-2.008429,-0.100737,-1.187706,0.986232,-2.009837,-2.106504,-1.91317,-1.415913,-2.220992,-0.610834
DMHDS0301,0.002607,-0.131372,0.136585,-0.096131,-0.200828,0.008567,0.090945,-0.027251,0.209142,0.010798,-0.092398,0.113995
DMHDS0460,-0.02125,-0.068072,0.025571,0.051696,0.066467,0.036925,0.007598,-0.020426,0.035623,-0.020417,-0.076585,0.03575
DMHDS1189,0.385037,0.467677,0.302397,0.210566,0.375971,0.045162,0.180924,0.21375,0.148099,0.221984,0.315174,0.128795
DMHDS0875,0.226376,0.123972,0.32878,0.17938,-0.03686,0.395621,0.10487,0.107082,0.102659,0.143919,0.01054,0.277297
DMHDS0600,0.267045,0.348771,0.18532,0.29789,0.400626,0.195154,0.242803,0.27309,0.212517,0.347859,0.283583,0.412136
DMHDS0643,0.452437,0.12832,0.776554,0.571591,0.24923,0.893951,0.41687,0.180163,0.653578,0.475687,0.22906,0.722315
DMHDS1172,0.11479,0.030366,0.199215,0.217498,0.242219,0.192776,0.184085,0.105875,0.262294,0.019074,0.005846,0.032302
DMHDS0967,-0.451218,-0.215655,-0.68678,-0.314727,0.219589,-0.849043,-0.056423,0.203405,-0.316252,-0.020302,0.282798,-0.323402
DMHDS0428,-0.148606,-0.450765,0.153553,0.093844,-0.004753,0.19244,-0.190702,-0.398095,0.016692,-0.050629,-0.180603,0.079345
DMHDS0485,0.355723,0.161238,0.550209,0.155246,0.038914,0.271577,0.296391,0.195699,0.397084,0.291274,0.173774,0.408775
DMHDS0783,0.172935,-0.011214,0.357083,0.128158,-0.088102,0.344418,0.184493,0.056713,0.312273,0.15083,-0.014228,0.315887
DMHDS1038,0.406682,0.221153,0.592211,0.61993,0.523933,0.715926,0.190418,0.003307,0.377529,0.358108,0.21506,0.501157
DMHDS1131,0.158258,-0.009141,0.325656,0.140935,-0.003888,0.285757,-0.005274,-0.191803,0.181254,0.157293,0.079601,0.234986
DMHDS0613,0.177495,0.166315,0.188675,0.094507,0.101011,0.088004,0.234674,0.223213,0.246136,0.187253,0.1618,0.212706
DMHDS0722,0.124536,0.053691,0.195382,0.417882,0.502768,0.332995,0.140353,0.096172,0.184534,0.253412,0.25211,0.254714
DMHDS0621,0.119661,-0.043094,0.282416,-0.02676,-0.079632,0.026111,0.116492,-0.039416,0.2724,0.048756,-0.098366,0.195879
DMHDS0562,0.351364,0.365772,0.336956,0.39448,0.355146,0.433814,0.32353,0.266147,0.380913,0.284297,0.203256,0.365339
DMHDS1035,0.509984,0.292968,0.727,0.330713,0.07126,0.590166,0.473233,0.298689,0.647778,0.353974,0.196566,0.511382
DMHDS0979,-0.123254,-0.142979,-0.103528,-0.076578,-0.122583,-0.030574,-0.239888,-0.246861,-0.232916,-0.207174,-0.241128,-0.17322
DMHDS0808,0.1372,0.142379,0.13202,0.015854,0.036425,-0.004717,0.109602,0.071623,0.147581,0.028992,0.019529,0.038455
DMHDS0510,0.174316,0.148478,0.200154,0.269532,0.060991,0.478073,0.117252,0.029715,0.204789,0.24792,0.119211,0.37663
DMHDS0590,-0.017316,0.023234,-0.057866,0.212268,0.138114,0.286422,-0.028507,-0.054469,-0.002544,0.124794,0.017601,0.231987
DMHDS0776,0.36447,0.311549,0.417391,-0.142037,-0.086349,-0.197724,0.118762,0.116707,0.120817,-0.032015,0.016806,-0.080837
DMHDS0679,-0.004297,-0.142132,0.133537,-0.01954,-0.122324,0.083245,0.238458,0.040998,0.435919,0.219561,0.133127,0.305994
DMHDS0804,0.059487,-0.122793,0.241768,0.176177,0.159812,0.192541,0.217904,0.019599,0.41621,0.289321,0.202259,0.376383
DMHDS0706,-0.189582,-0.339615,-0.039548,-0.226895,-0.409847,-0.043943,-0.090596,-0.125535,-0.055657,-0.219618,-0.333585,-0.105651
DMHDS0488,0.01783,0.057052,-0.021393,-0.042196,0.04954,-0.133931,-0.042751,-0.030774,-0.054727,-0.204363,-0.165616,-0.24311
DMHDS0539,0.28082,0.209928,0.351712,0.449798,0.307796,0.591799,0.328467,0.253601,0.403333,0.440428,0.355467,0.525388
DMHDS0952,0.029028,0.076984,-0.018929,0.257774,0.193661,0.321888,0.016244,-0.013684,0.046172,0.144261,0.057974,0.230547
DMHDS0576,0.77525,0.786327,0.764173,0.96107,0.885964,1.036176,0.514384,0.495854,0.532913,0.549371,0.487885,0.610857
DMHDS0260,-0.229403,-0.404128,-0.054679,0.104459,0.113317,0.095602,-0.021062,-0.128964,0.086841,0.086856,-0.0064,0.180113
DMHDS0891,0.51174,0.355515,0.667966,0.383946,0.166445,0.601446,0.358068,0.334193,0.381944,0.30281,0.144228,0.461391
DMHDS1032,0.214074,-0.055396,0.483545,0.086169,-0.142714,0.315053,0.275217,0.085297,0.465137,0.240014,0.06237,0.417658
DMHDS1023,-0.232822,-0.461413,-0.004231,-0.143521,-0.151319,-0.135724,-0.058303,-0.122172,0.005566,-0.032644,0.011781,-0.07707
DMHDS0931,0.305363,0.173696,0.437031,0.198538,0.193458,0.203619,0.26777,0.217748,0.317792,0.219745,0.153894,0.285597
DMHDS1036,0.578373,0.454258,0.702488,0.403939,0.119314,0.688564,0.432493,0.361994,0.502991,0.319129,0.116424,0.521834
DMHDS0579,-0.073857,0.04066,-0.188374,-0.189004,-0.060841,-0.317167,-0.113282,0.024839,-0.251404,-0.208471,-0.121412,-0.295531
DMHDS1123,0.424567,0.187108,0.662026,0.346987,0.110795,0.583179,0.463472,0.173419,0.753526,0.274854,-0.088276,0.637985
DMHDS1169,0.631186,0.667069,0.595303,0.636028,0.4769,0.795155,0.43241,0.3968,0.468019,0.463045,0.34268,0.58341
DMHDS0457,0.217855,-0.02248,0.45819,-0.062462,-0.289204,0.164279,0.06778,-0.14494,0.280499,-0.024543,-0.14485,0.095764
DMHDS0947,0.171197,0.257477,0.084917,-0.07079,0.076422,-0.218002,0.197586,0.257104,0.138068,0.06092,0.194534,-0.072695
DMHDS1198,0.132436,0.038156,0.226716,-0.09595,-0.158268,-0.033632,0.069386,0.066979,0.071792,-0.026926,-0.092084,0.038233
DMHDS1163,0.033669,0.09503,-0.027693,0.375169,0.389217,0.361122,0.052846,0.180339,-0.074647,0.263011,0.357844,0.168177
DMHDS1065,-0.053672,-0.133178,0.025834,0.003453,-0.050844,0.057751,-0.128812,-0.181485,-0.07614,0.001143,0.019507,-0.017222
DMHDS0704,-0.097682,-0.091793,-0.103571,0.026205,-0.012643,0.065053,-0.029855,-0.083438,0.023727,0.034514,-0.042646,0.111674
DMHDS1215,0.486833,0.141538,0.832127,0.244074,-0.030491,0.51864,0.281337,0.09447,0.468203,0.34735,0.125826,0.568874
DMHDS0455,0.077089,-0.053986,0.208165,0.057854,0.005829,0.109879,0.018062,-0.084059,0.120183,0.049914,0.053085,0.046742
DMHDS1139,0.082163,0.276235,-0.111909,0.010782,0.107221,-0.085656,0.092155,0.268798,-0.084489,-0.002808,0.146187,-0.151803
DMHDS0879,-0.200337,-0.203481,-0.197194,-0.094926,-0.204261,0.014408,0.012932,0.035155,-0.009291,-0.031832,-0.129896,0.066232
DMHDS0502,-0.113253,-0.113829,-0.112677,-0.08797,-0.008742,-0.167198,-0.162609,-0.157727,-0.167491,-0.056921,0.015715,-0.129558
DMHDS0229,0.087332,-0.117174,0.291838,-0.445341,-0.744354,-0.146328,0.075599,0.029604,0.121595,-0.189814,-0.4772,0.097572
DMHDS0445,0.20332,0.135165,0.271474,0.137183,0.116879,0.157487,0.091741,0.040457,0.143025,0.075282,-0.036694,0.187257
DMHDS0998,0.61538,0.826924,0.403836,0.109679,0.309334,-0.089977,0.366171,0.547187,0.185156,0.132527,0.301841,-0.036787
DMHDS1026,-0.087521,-0.407285,0.232243,-0.118542,-0.137484,-0.0996,0.022696,-0.242669,0.28806,-0.028831,-0.141042,0.08338
DMHDS0890,0.355641,0.091881,0.619402,0.278877,0.133902,0.423852,0.206985,0.119008,0.294963,0.257818,0.09699,0.418646
DMHDS1129,-0.059005,-0.12183,0.003821,0.060918,0.055698,0.066139,0.056392,-0.026569,0.139354,0.114756,0.042144,0.187368
DMHDS0844,0.438234,0.339186,0.537282,0.363126,0.295104,0.431147,0.420504,0.286264,0.554745,0.278477,0.161144,0.39581
DMHDS0738,-0.013796,-0.088209,0.060617,-0.084657,-0.123998,-0.045316,0.072555,0.022448,0.122662,-0.04012,-0.108149,0.027908
DMHDS0452,0.458718,0.194916,0.722519,0.572797,0.463089,0.682505,0.471639,0.246511,0.696767,0.496687,0.36525,0.628125
DMHDS1086,0.330047,0.083103,0.576992,-0.002359,-0.405018,0.4003,0.372553,0.099473,0.645633,0.201342,-0.08652,0.489204
DMHDS1218,0.107165,-0.080791,0.29512,0.086817,-0.037337,0.21097,-0.014649,-0.115598,0.0863,0.072965,-0.057879,0.20381
DMHDS0558,0.055951,0.021202,0.090701,-0.034177,0.179485,-0.247839,0.044707,0.021876,0.067538,0.042634,0.134589,-0.04932
DMHDS0766,-0.052766,-0.118361,0.01283,-0.227604,-0.068588,-0.38662,-0.036513,-0.01584,-0.057187,-0.092639,0.038702,-0.22398
DMHDS0690,0.351016,0.081686,0.620347,0.181204,0.074094,0.288315,0.279684,0.027621,0.531748,0.278456,0.161595,0.395317
DMHDS0700,0.620522,0.330048,0.910996,0.306869,0.016904,0.596833,0.509719,0.310905,0.708533,0.385195,0.20183,0.568561
DMHDS0940,0.248998,0.034685,0.463311,0.218086,0.213925,0.222246,0.153434,0.001852,0.305016,0.22339,0.164325,0.282456
DMHDS1149,0.336023,0.127329,0.544718,0.493025,0.320381,0.665669,0.381462,0.227039,0.535884,0.371947,0.19784,0.546054
DMHDS0380,-0.195073,-0.494525,0.10438,-0.15309,-0.351392,0.045212,-0.115405,-0.261857,0.031047,-0.018845,-0.141004,0.103315
DMHDS1124,0.306659,0.283308,0.330011,0.105507,0.065497,0.145517,0.254818,0.219347,0.29029,0.258683,0.193667,0.3237
DMHDS1158,-0.085547,-0.191866,0.020772,-0.062036,-0.153759,0.029686,0.022806,-0.064357,0.109968,-0.106568,-0.215018,0.001881
DMHDS0407,0.078364,0.01157,0.145159,-0.077277,-0.072123,-0.082431,0.138103,-0.001176,0.277381,-0.024645,-0.090394,0.041103
DMHDS1076,-0.172268,-0.157466,-0.18707,0.01201,0.010104,0.013916,-0.078751,-0.097596,-0.059907,-0.02716,-0.025584,-0.028736
DMHDS0869,0.270382,0.403246,0.137517,0.347762,0.361795,0.333728,0.113225,0.137964,0.088486,0.196769,0.160042,0.233495
DMHDS0978,0.583244,0.40012,0.766367,0.392184,0.275882,0.508487,0.337039,0.148237,0.525841,0.255249,0.113077,0.397421
DMHDS0713,0.122712,0.168593,0.07683,-0.02204,-0.011633,-0.032448,0.163842,0.233986,0.093698,0.092113,0.047314,0.136913
DMHDS0805,0.073138,0.046431,0.099846,-0.210246,-0.244453,-0.17604,0.015026,0.019821,0.010231,-0.027308,-0.052491,-0.002124
DMHDS0715,0.355832,0.311045,0.400618,0.381071,0.326948,0.435194,0.255173,0.186695,0.32365,0.222998,0.099699,0.346296
DMHDS0511,0.454373,0.463538,0.445207,0.43325,0.401203,0.465297,0.241188,0.255081,0.227295,0.246374,0.238359,0.25439
DMHDS1002,0.081209,0.058382,0.104035,-0.093197,-0.221245,0.034851,0.148746,0.031844,0.265649,-0.03161,-0.215678,0.152457
DMHDS0519,0.015359,-0.054581,0.085299,0.133735,0.117503,0.149967,0.125856,0.061409,0.190303,0.109691,0.105722,0.113659
DMHDS0935,-0.081663,-0.274181,0.110856,-0.15646,-0.322183,0.009263,-0.014654,-0.06329,0.033982,-0.149803,-0.201919,-0.097687
DMHDS1014,-0.019197,0.002872,-0.041266,0.202241,0.234391,0.17009,0.026151,0.11952,-0.067219,0.138027,0.203518,0.072537
DMHDS0756,-0.135068,0.074412,-0.344548,-0.232044,-0.12329,-0.340799,-0.086417,-0.053717,-0.119116,-0.155836,-0.162916,-0.148756
DMHDS1156,0.097213,0.008826,0.185601,0.1762,0.076857,0.275542,0.091186,-0.032783,0.215155,0.220296,0.136897,0.303695
DMHDS0534,0.513972,0.411113,0.616831,0.186515,0.12563,0.247401,0.395265,0.312308,0.478222,0.2562,0.166032,0.346368
DMHDS0610,-0.331768,-0.521952,-0.141584,-0.170419,-0.560186,0.219349,-0.194009,-0.323873,-0.064146,-0.118365,-0.331909,0.095179
DMHDS0606,0.148258,0.112473,0.184043,0.044121,0.011611,0.07663,0.155391,0.109014,0.201768,0.115662,0.070769,0.160555
DMHDS1148,-0.077233,-0.059862,-0.094603,-0.037391,0.00781,-0.082592,-0.09781,-0.07046,-0.125161,-0.131679,-0.119542,-0.143816
DMHDS1020,0.597597,0.421576,0.773618,0.351478,0.24458,0.458376,0.542952,0.360284,0.725619,0.571642,0.366693,0.776592
DMHDS0682,0.272742,-0.061179,0.606663,-0.099579,-0.231671,0.032513,0.019212,-0.148631,0.187055,-0.034531,-0.158807,0.089746
DMHDS0692,0.071353,-0.153955,0.296662,0.263469,0.167287,0.359651,-0.014178,-0.199838,0.171483,0.161697,0.053749,0.269646
DMHDS0688,0.176496,0.199502,0.15349,0.073076,0.156084,-0.009931,0.137479,0.149557,0.125401,0.172243,0.202786,0.141699
DMHDS1030,0.090477,0.130752,0.050202,-0.082345,-0.066781,-0.09791,-0.030748,-0.042282,-0.019213,0.032226,0.035925,0.028528
DMHDS1160,-0.007784,-0.195619,0.180052,0.20217,0.040857,0.363483,-0.039195,-0.232492,0.154101,0.000247,-0.151747,0.152241
DMHDS0463,0.246852,0.23106,0.262645,0.218321,0.215995,0.220647,0.193142,0.211074,0.17521,0.237097,0.288201,0.185993
DMHDS0408,0.019079,-0.023527,0.061685,0.094823,0.059814,0.129832,0.031324,-0.052391,0.11504,0.086992,0.051857,0.122127
DMHDS0403,0.205174,0.199437,0.210911,-0.238438,0.036523,-0.5134,0.155113,0.22581,0.084416,-0.005784,0.142539,-0.154107
DMHDS0438,0.37651,0.290042,0.462978,0.258257,0.033126,0.483388,0.176178,-0.007781,0.360138,0.186137,-0.028832,0.401105
DMHDS1088,0.246858,0.129372,0.364344,0.671554,0.733409,0.6097,0.235023,0.205216,0.264831,0.574376,0.578916,0.569835
DMHDS0899,0.29526,0.307596,0.282924,0.055638,0.157758,-0.046483,0.19692,0.181287,0.212553,0.092465,0.148594,0.036335
DMHDS1187,0.02278,-0.036588,0.082149,0.24513,0.254982,0.235278,0.147673,0.05338,0.241966,0.164115,0.113864,0.214366
DMHDS0677,0.079853,0.015018,0.144689,0.155188,0.109139,0.201238,0.110993,0.035887,0.1861,0.063177,0.045786,0.080568
DMHDS0474,0.266536,0.393992,0.139081,0.307388,0.186783,0.427993,0.203477,0.232361,0.174594,0.160222,0.091673,0.22877
DMHDS1111,0.220329,0.080475,0.360182,0.301923,0.134448,0.469398,0.334008,0.233089,0.434927,0.251333,0.156989,0.345678
DMHDS0763,0.133311,0.129277,0.137345,0.365237,0.396317,0.334157,0.153893,0.138756,0.16903,0.384273,0.327533,0.441014
DMHDS0302,-0.251381,-0.386116,-0.116646,-0.198995,-0.186727,-0.211263,-0.167789,-0.185995,-0.149583,-0.09064,-0.076192,-0.105088
DMHDS0327,0.777187,0.700371,0.854004,0.445622,0.477985,0.413259,0.373705,0.265404,0.482005,0.41962,0.340141,0.4991
DMHDS1132,0.398445,0.34329,0.453599,0.599173,0.275053,0.923293,0.462627,0.285141,0.640114,0.548458,0.294665,0.802251
DMHDS1062,-0.038953,-0.015669,-0.062237,0.22701,0.203944,0.250076,0.028631,0.016087,0.041176,0.111755,0.091782,0.131727
DMHDS0209,-0.480421,-1.043476,0.082633,0.163828,-0.084843,0.412499,-0.151864,-0.516263,0.212535,0.396352,0.152116,0.640588
DMHDS0220,0.03166,0.049658,0.013662,0.12745,0.136039,0.118861,0.02394,0.036528,0.011352,0.006518,0.024566,-0.01153
DMHDS0222,0.352124,0.32216,0.382088,-0.101979,-0.151536,-0.052422,0.170193,0.134473,0.205913,-0.075866,-0.147574,-0.004158
DMHDS0388,0.491514,0.300184,0.682844,0.426208,0.115445,0.736972,0.31143,0.138929,0.483931,0.375554,0.145918,0.60519
DMHDS0504,-0.055339,-0.317992,0.207314,-0.038809,-0.333628,0.25601,-0.043597,-0.32435,0.237156,0.007868,-0.221877,0.237613
DMHDS0517,-0.005118,-0.238243,0.228006,0.249758,0.212513,0.287002,0.056467,-0.119737,0.232672,0.152502,0.07089,0.234114
DMHDS0483,0.192582,0.214165,0.170998,0.32248,0.211032,0.433928,0.135038,0.056236,0.213841,0.269422,0.175846,0.362999
DMHDS0928,-0.359052,-0.311224,-0.40688,-0.210343,-0.333315,-0.08737,-0.161372,-0.221844,-0.100899,-0.144022,-0.221788,-0.066256
DMHDS0827,0.050853,-0.078893,0.1806,0.209028,0.1773,0.240757,0.009911,-0.085042,0.104863,0.061109,-0.00702,0.129238
DMHDS0522,0.252633,0.141366,0.363901,0.278083,-0.000154,0.556321,0.255001,0.140552,0.369451,0.321136,0.240151,0.40212
DMHDS0977,0.094225,0.047753,0.140696,0.125921,0.09752,0.154322,0.105991,-0.080052,0.292034,0.197474,0.069439,0.325509
DMHDS1077,0.540339,0.441388,0.63929,0.398062,0.105898,0.690226,0.438529,0.269411,0.607646,0.318969,0.111385,0.526553
DMHDS1087,0.111085,0.05879,0.163381,0.060141,0.025936,0.094347,0.109326,0.10386,0.114792,0.038239,0.036416,0.040062
DMHDS1167,0.224532,0.124297,0.324767,0.253678,0.150858,0.356498,0.225171,0.122945,0.327396,0.249905,0.101452,0.398358
DMHDS0458,,,,,,,,,,,,
DMHDS1200,-0.080328,-0.099349,-0.061306,0.184813,0.236952,0.132673,-0.013,0.010028,-0.036028,0.136232,0.137923,0.134541
DMHDS1089,,,,,,,,,,,,
DMHDS0424,,,,,,,,,,,,
DMHDS0450,0.459456,0.323742,0.59517,0.643464,0.680566,0.606363,0.355419,0.276107,0.434732,0.44262,0.40554,0.4797
DMHDS0531,-0.058695,-0.073062,-0.044328,-0.182869,-0.335104,-0.030634,-0.034049,-0.076393,0.008295,-0.096533,-0.223079,0.030012
DMHDS0312,,,,,,,,,,,,
DMHDS0806,0.135973,-0.066629,0.338575,0.264798,0.158241,0.371356,0.119406,-0.026734,0.265546,0.17102,0.071947,0.270094
DMHDS0877,0.093907,-0.014711,0.202526,0.025713,0.051246,0.00018,0.024494,-0.005864,0.054851,0.065959,0.107226,0.024692
DMHDS0269,,,,,,,,,,,,
DMHDS0920,0.098374,0.022539,0.17421,-0.170931,-0.093472,-0.24839,0.157372,0.025366,0.289379,-0.065886,-0.106347,-0.025425
DMHDS0611,-0.089413,0.159131,-0.337956,-0.594685,-0.653375,-0.535996,-0.175452,0.003174,-0.354078,-0.313496,-0.22065,-0.406341
DMHDS0618,0.341734,0.339207,0.344261,0.139062,0.102594,0.175529,0.306558,0.236734,0.376382,0.088273,0.030392,0.146154
DMHDS0383,0.111117,-0.005071,0.227305,0.176962,0.054865,0.299059,0.083186,-0.057872,0.224244,0.167045,0.025096,0.308993
DMHDS0993,-0.101197,-0.397845,0.195452,-0.02912,-0.282658,0.224418,0.113767,-0.092094,0.319627,0.124417,-0.115086,0.36392
DMHDS0982,-0.092582,-0.398942,0.213777,0.184415,-0.064645,0.433476,-0.053362,-0.351793,0.24507,0.107224,-0.146012,0.36046
DMHDS0981,0.070155,0.044891,0.09542,0.079578,0.016294,0.142861,0.104912,-0.013602,0.223426,0.097267,0.042129,0.152405
DMHDS1008,0.151044,-0.116832,0.418919,0.080084,-0.191319,0.351486,0.10683,-0.100537,0.314196,0.131391,-0.095185,0.357966
DMHDS1159,0.295719,0.202618,0.388819,0.105688,0.194476,0.0169,0.242093,0.194202,0.289984,0.162277,0.169723,0.154831
DMHDS1177,0.289912,0.235288,0.344535,0.282166,0.227415,0.336918,0.206376,0.056849,0.355903,0.185836,0.084064,0.287608
DMHDS1236,0.200111,0.212948,0.187273,0.315151,0.221067,0.409235,0.135266,0.139338,0.131194,0.25182,0.187736,0.315905
DMHDS20226,0.173282,0.156786,0.189777,-0.003635,-0.129479,0.12221,0.333361,0.365377,0.301344,0.155011,0.09217,0.217853
DMHDS0660,0.038035,0.026283,0.049786,-0.24639,-0.450516,-0.042263,0.042094,0.072412,0.011776,-0.063956,-0.136415,0.008502
DMHDS0459,0.183071,-0.021649,0.38779,0.223309,0.096518,0.350099,-0.018463,-0.119777,0.082852,-0.007046,-0.136212,0.12212
DMHDS0878,-0.108536,-0.083021,-0.13405,-0.307724,-0.252093,-0.363355,-0.005339,-0.083914,0.073235,-0.048056,-0.071565,-0.024546
DMHDS0663,-0.252151,-0.230717,-0.273585,-0.139039,-0.074065,-0.204013,-0.207795,-0.164755,-0.250836,-0.155459,-0.089746,-0.221172
DMHDS0843,0.114712,0.100098,0.129325,0.125408,0.086298,0.164518,-0.052063,-0.135416,0.03129,0.044483,-0.062094,0.151059
DMHDS0472,0.401809,0.264317,0.539302,0.472643,0.382193,0.563093,0.413552,0.294849,0.532255,0.428463,0.301425,0.5555
DMHDS0449,0.169169,0.172953,0.165384,0.18264,0.316975,0.048305,0.164644,0.156855,0.172434,0.154191,0.192156,0.116225
DMHDS0773,-0.191415,-0.574823,0.191992,-0.032371,-0.200161,0.135418,-0.21946,-0.416189,-0.022731,-0.150338,-0.27542,-0.025257
DMHDS0554,0.481851,0.486974,0.476727,0.373676,0.138537,0.608815,0.336218,0.295423,0.377012,0.097352,-0.085148,0.279853
DMHDS0670,-0.059999,-0.115891,-0.004107,0.117456,-0.027171,0.262083,0.150375,0.088074,0.212676,0.171894,0.026576,0.317211
DMHDS0555,0.184481,0.101603,0.267358,0.444848,0.209044,0.680652,0.276945,0.064161,0.489729,0.382574,0.096877,0.668271
DMHDS0807,0.402333,0.17186,0.632805,0.303037,0.124319,0.481755,0.30818,0.14799,0.468371,0.336667,0.195859,0.477475
DMHDS0303,0.044736,-0.072937,0.16241,0.197426,0.076701,0.318152,0.090884,-0.012402,0.19417,0.284844,0.135686,0.434002
DMHDS0712,0.617968,0.435235,0.8007,0.463602,0.256325,0.670879,0.310247,0.165067,0.455427,0.180843,0.155641,0.206046
DMHDS0421,0.439438,0.314347,0.564528,0.429906,0.345397,0.514415,0.474501,0.37407,0.574932,0.34694,0.266625,0.427255
DMHDS0762,0.067238,0.128888,0.005588,0.086882,-0.014683,0.188447,0.001389,-0.055287,0.058064,0.087769,0.014649,0.160889
DMHDS0311,-0.113248,-0.033595,-0.192902,0.308353,0.284837,0.331868,-0.008883,0.014442,-0.032208,0.159264,0.191884,0.126645
DMHDS0414,0.062335,-0.024135,0.148806,-0.214442,-0.317211,-0.111673,-0.045058,-0.153998,0.063882,-0.185217,-0.329739,-0.040695
DMHDS0378,-0.031792,-0.126208,0.062624,0.148085,0.200598,0.095572,0.05986,0.076434,0.043286,0.164133,0.183672,0.144594
DMHDS1220,0.33472,0.539334,0.130106,0.348445,0.509957,0.186933,0.367316,0.556904,0.177729,0.324122,0.392143,0.256101
DMHDS1067,0.140704,0.105627,0.175781,0.218719,0.17997,0.257468,0.107023,0.074462,0.139583,0.072023,-0.019971,0.164017
DMHDS1127,0.119483,-0.080285,0.31925,-0.145908,0.041555,-0.333371,0.033995,-0.150087,0.218077,0.053228,-0.024463,0.130919
DMHDS1201,0.389112,0.348669,0.429555,0.179681,0.071748,0.287615,0.191433,0.147089,0.235778,0.192744,0.103115,0.282372
DMHDS1016,0.044351,0.097263,-0.00856,0.078786,0.014635,0.142937,0.063386,0.0953,0.031471,0.118319,0.105875,0.130763
DMHDS1171,-0.17675,-0.243629,-0.109872,-0.247018,-0.310209,-0.183827,-0.163384,-0.200488,-0.126281,-0.160072,-0.195279,-0.124866
DMHDS1233,-0.354524,-0.308203,-0.400844,0.241032,-0.041008,0.523072,0.001573,0.006758,-0.003612,0.033395,-0.081442,0.148232
DMHDS1147,0.02484,0.001417,0.048263,-0.045555,-0.214027,0.122916,0.105753,0.057536,0.153971,0.087356,-0.009758,0.18447
DMHDS0990,-0.361398,-0.319907,-0.402889,0.062923,0.078379,0.047468,-0.225729,-0.170022,-0.281436,-0.102648,-0.045539,-0.159757
DMHDS1000,0.406188,0.256224,0.556152,0.040996,-0.097833,0.179824,0.325444,0.108145,0.542743,0.179245,0.044216,0.314275
DMHDS0972,0.188355,0.214063,0.162647,0.543569,0.570866,0.516271,0.341874,0.364671,0.319077,0.432426,0.435624,0.429228
DMHDS0963,-0.030949,-0.044628,-0.01727,0.281659,0.19548,0.367838,0.058376,0.001011,0.11574,0.316362,0.206485,0.426239
DMHDS1056,0.007613,0.009906,0.00532,0.210444,0.09605,0.324837,0.013548,-0.073549,0.100646,0.061646,0.016416,0.106877
DMHDS1084,-0.246007,-0.086865,-0.405148,-0.319043,-0.183602,-0.454483,-0.050408,0.020318,-0.121133,0.011006,0.021976,0.000037
DMHDS1228,0.171206,0.048435,0.293977,0.063642,0.001831,0.125454,0.219858,0.076526,0.36319,0.086326,0.071781,0.100872
DMHDS0994,0.249535,0.048395,0.450676,0.441449,0.283882,0.599017,0.399617,0.323215,0.47602,0.38272,0.213229,0.552211
DMHDS0861,0.467246,0.482878,0.451613,0.236011,0.124187,0.347835,0.272665,0.228751,0.31658,0.255622,0.189254,0.321991
DMHDS0357,0.317439,0.447756,0.187122,0.244577,0.256556,0.232598,0.174814,0.256934,0.092694,0.1723,0.174994,0.169606
DMHDS0589,0.175437,0.183051,0.167824,0.219322,0.1443,0.294343,0.112383,0.09598,0.128787,0.144076,0.079991,0.20816
DMHDS0430,0.143834,0.052872,0.234796,0.177973,0.200314,0.155632,0.14162,0.034369,0.24887,0.144686,0.143556,0.145816
DMHDS1093,-0.081426,-0.239953,0.077101,-0.052417,-0.153363,0.048529,-0.157969,-0.26124,-0.054697,-0.086714,-0.205752,0.032324
DMHDS0954,0.293849,0.158878,0.42882,0.394804,0.417569,0.372039,0.259537,0.231247,0.287827,0.27044,0.270609,0.270271
DMHDS0544,0.272119,0.154725,0.389513,0.174425,-0.012982,0.361832,0.369327,0.182566,0.556088,0.201806,0.078739,0.324872
DMHDS0838,0.131543,0.027432,0.235654,0.493847,0.396419,0.591275,0.106609,-0.013284,0.226503,0.354909,0.260017,0.449801
DMHDS0896,0.278092,0.017532,0.538651,0.227313,-0.008978,0.463604,0.322284,0.127549,0.517019,0.341598,0.129192,0.554004
DMHDS0904,0.14053,0.222932,0.058128,0.278698,0.273077,0.28432,0.185047,0.258992,0.111101,0.158301,0.115616,0.200987
DMHDS1173,0.284251,0.002256,0.566246,0.260356,0.117459,0.403252,0.427979,0.239366,0.616593,0.479922,0.320687,0.639158
DMHDS0897,0.308764,0.159789,0.457739,0.429062,0.363777,0.494347,0.218283,0.034796,0.401769,0.282771,0.124385,0.441157
DMHDS1098,0.097029,0.055792,0.138266,0.195248,0.15998,0.230515,0.09449,-0.038375,0.227356,0.149153,-0.009535,0.307841
DMHDS0212,0.328072,0.270766,0.385378,0.407809,0.383403,0.432215,0.280744,0.241871,0.319617,0.439276,0.372507,0.506046
DMHDS0507,0.332989,0.079828,0.586151,0.49055,0.416741,0.56436,0.259677,-0.006375,0.525729,0.444128,0.274032,0.614224
DMHDS0919,0.380687,0.190551,0.570823,0.385732,0.305449,0.466015,0.230396,0.073224,0.387568,0.298857,0.240583,0.357131
DMHDS0653,0.512007,0.442245,0.581768,0.535638,0.392976,0.6783,0.376827,0.267714,0.485941,0.460281,0.343129,0.577433
DMHDS0970,0.049644,-0.021903,0.121192,0.010813,-0.302232,0.323859,0.025266,-0.102895,0.153428,0.048733,-0.120915,0.218381
DMHDS0551,0.093108,-0.087356,0.273571,0.022888,0.030476,0.0153,0.017306,-0.053302,0.087913,0.040046,-0.025106,0.105197
DMHDS0295,-0.124707,-0.153198,-0.096216,-0.027153,-0.134382,0.080077,-0.153732,-0.275573,-0.031891,-0.040909,-0.144796,0.062979
DMHDS0824,0.089218,0.015090,0.163346,0.061815,0.097803,0.025827,0.020747,-0.046323,0.087817,-0.087254,-0.126041,-0.048467
